Workbook

Sheet Summary
B2: Summary Report - BC RAEDA 1A | H2: Summary Report - BC RAEDA 1B
B3: Type | C3: No of Trucks Released from WH | D3: Bags | E3: Net | F3: Gross | H3: Type | I3: No of Trucks Released from WH | J3: Bags | K3: Net | L3: Gross | N3: DESTINATION | O3: NET | P3: GROSS
B4: Pumpi - 1A | C4: 53 | D4: =+'BL-1A-Pumpi'!H3 -> 1499 | E4: =+'BL-1A-Pumpi'!I3 -> 1871.603 | F4: =+'BL-1A-Pumpi'!J3 -> 1978.453 | H4: Pumpi - 1B | I4: 54 | J4: 1500 | K4: 1875 | L4: 1879.778 | N4: PUMPI | O4: =E4+K4 -> 3746.603 | P4: =F4+L4 -> 3858.231
B5: Likasi - 1A | C5: 72 | D5: =+'BL-1A-Likasi'!H3 -> 2024 | E5: =+'BL-1A-Likasi'!I3 -> 2527.175 | F5: =+'BL-1A-Likasi'!J3 -> 2798.254 | H5: Likasi - 1B | I5: 49 | J5: 1365 | K5: 1711.323 | L5: 1734.737 | N5: LIKASI | O5: =E5+K5 -> 4238.498 | P5: =F5+L5 -> 4532.991
B6: Kolwezi - 1A | C6: 17 | D6: =+'BL-1A-Kolwezi'!H3 -> 476 | E6: =+'BL-1A-Kolwezi'!I3 -> 595 | F6: =+'BL-1A-Kolwezi'!J3 -> 596.216 | H6: Kolwezi - 1B | I6: 40 | J6: 1125 | K6: 1407.5 | L6: 1411.448 | N6: KOLWEZI | O6: =E6+J6 -> 1720 | P6: =F6+L6 -> 2007.664
B7: Total uplifted | C7: =SUM(C4:C6) -> 142 | D7: =SUM(D4:D6) -> 3999 | E7: =SUM(E4:E6) -> 4993.778 | F7: =SUM(F4:F6) -> 5372.923 | H7: Total uplifted | I7: =SUM(I4:I6) -> 143 | J7: =SUM(J4:J6) -> 3990 | K7: =SUM(K4:K6) -> 4993.823 | L7: =SUM(L4:L6) -> 5025.963 | N7: TOTAL UPLIFTED | O7: =SUM(O4:O6) -> 9705.101 | P7: =SUM(P4:P6) -> 10398.886
B8: As per BoL -1A | C8: 144 | D8: =+Master!H1 -> 3992 | E8: =+Master!I1 -> 4990 | F8: =+Master!J1 -> 5003.991 | H8: As per BoL -1A | J8: 3991 | K8: =4988750/1000 -> 4988.75 | L8: =5002736.75/1000 -> 5002.7368 | N8: AS PER BL | O8: =E8+K8 -> 9978.75 | P8: =F8+L8 -> 10006.728
B9: Stock in WH | D9: =+D8-D7 -> -7 | E9: =+E8-E7 -> -3.778 | F9: =+F8-F7 -> -368.932 | J9: =J8-J7 -> 1 | K9: =K8-K7 -> -5.073 | L9: =L8-L7 -> -23.22625 | N9: DIFFERENCE | O9: =O8-O7 -> 273.649 | P9: =P8-P7 -> -392.15825
C11: Difference | D11: =+D7-Master!H3 -> -4018 | E11: =+E7-Master!I3 -> -5025.073 | F11: =+F7-Master!J3 -> -5057.356
B14: BC RAEDA
B15: BL | C15: waiting to release Dar | D15: In -Transit TZ | E15: At Tunduma | F15: At Nakonde | G15: In -Transit Zambia | H15: At K-lesa Borders | I15: In transit DRC | J15: Waiting to Offload | K15: Offloaded | L15: Total
B16: 1A Likasi | C16: 0 | D16: 0 | E16: 0 | F16: 0 | G16: 0 | H16: 0 | I16: 0 | J16: 0 | K16: 72 | L16: =SUM(C16:K16) -> 72
B17: 1A kolwezi | C17: 0 | D17: 0 | E17: 0 | F17: 0 | G17: 0 | H17: 0 | I17: 0 | J17: 0 | K17: 18 | L17: =SUM(C17:K17) -> 18
B18: 1A Pumpi | C18: 0 | D18: 0 | E18: 0 | F18: 0 | G18: 0 | H18: 0 | I18: 1 | J18: 0 | K18: 52 | L18: =SUM(C18:K18) -> 53
B19: 1B Likasi | C19: 0 | D19: 0 | E19: 0 | F19: 0 | G19: 2 | H19: 13 | I19: 0 | J19: 0 | K19: 34 | L19: =SUM(C19:K19) -> 49
B20: 1B Kolwezi | C20: 0 | D20: 0 | E20: 2 | F20: 1 | G20: 9 | H20: 28 | I20: 0 | J20: 0 | K20: 0 | L20: =SUM(C20:K20) -> 40
B21: 1B Pumpi | C21: 0 | D21: 10 | E21: 1 | F21: 4 | G21: 14 | H21: 18 | I21: 0 | J21: 0 | K21: 7 | L21: =SUM(C21:K21) -> 54
L22: =SUM(L16:L21) -> 286

Sheet Master
A1: DAILY TRACKING REPORT - FORWARDING | E1: =TODAY() -> 46045 | F1: BC RAEDA | G1: H-DAN | H1: 3992 | I1: 4990 | J1: 5003.991 | K1: =+H1-H3 -> -4025 | L1: =+I1-I3 -> -5028.851 | M1: =+J1-J3 -> -5426.288 | N1: GT OCEAN TRANSPORTATION LIMITED | T1: GT OCEAN TRANSPORTATION LIMITED | AB1: GT OCEAN TRANSPORTATION LIMITED | AN1: Total Amount
A2: 序号 | B2: 提单号 | C2: 卡车牌号 | D2: 拖车牌号 | E2: 司机姓名 | F2: 目的地 | G2: 当前位置 | H2: 吨袋/bags | I2: 净重/N.W. | J2: 毛重/G.W. | L2: 文件接收 | M2: 船司 | N2: 船名 | O2: 预计抵港 | P2: 实际靠泊 | Q2: 船司放行 | R2: 装运时间 | S2: 起运时间 | T2: 到达TUNDUMA | U2: NAKONDE出发 | V2: 到达卡松ZAMBIA | W2: 卡松ZAMBIA出发 | X2: 到达卡松DRC | Y2: 卡松出发DRC | AB2: 到达目的地 | AC2: 卸货时间 | AD2: 备注 | AE2: Border Delays | AI2: =SUM(AI213:AI272) -> 11400 | AJ2: Offloading Delays | AN2: =SUM(AN213:AN289) -> 3400 | AO2: =SUM(AO213:AO289) -> 2000 | AP2: =SUM(AI2:AO2) -> 16800
A3: No. | B3: B/L | C3: TRUCK NUMBER | D3: TRAILER NUMBER | E3: DRIVER NAME | F3: FINAL DESTINATION | G3: TRUCK POSITION | H3: =SUM(H4:H289) -> 8017 | I3: =SUM(I4:I289)/1000 -> 10018.851 | J3: =SUM(J4:J289)/1000 -> 10430.279 | K3: HDAN | L3: DOCUMENTS RECEIVED | M3: SHIPPING LINE | N3: VESSEL | O3: ETA | P3: ATB | Q3: LINE RELEASE | R3: DATE LOADED | S3: DISPATCH DATE | T3: ARRIVED TUNDUMA BORDER | U3: DEPARTED NAKONDE | V3: K-LESA ZAMBIA ARRIVED | W3: K-LESA ZAMBIA DEPARTED | X3: K-LESA DRC ARRIVED | Y3: K-LESA DRC DEPARTED | Z3: L-MBASHI ARRIVED | AA3: DEPARTED L-MBASHI | AB3: ARRIVED DESTINATION | AC3: OFFLOADED | AD3: COMMENTS | AE3: Border Days | AF3: Free days | AG3: Chargable Days | AH3: Chargable Rate | AI3: Border Delays Amt | AJ3: Offloading Days | AK3: Free days | AL3: Chargable Days | AM3: Chargable Rate | AN3: Offloading Delays Amt | AO3: Parking Charges Amount | AP3: TOTAL
A4: =ROW()-3 -> 1 | B4: 1B | C4: T922EDD | D4: T501EDC-T719EPL | E4: OMARY HAMISI SALUM | F4: PUMPI | G4: CFS VINGUNGUTI | H4: 28 | I4: 35000 | J4: 35098 | K4: AN-HDAN | L4: 45890 | M4: ESL | N4: BC Raeda | O4: 45881 | P4: 45907 | Q4: 45892 | R4: 46040 | AD4: Loaded waitig release | AE4: =MAX(0,Y4-X4) -> 0 | AF4: 7 | AG4: =MAX(0,AE4-AF4) -> 0 | AH4: 200 | AI4: =MAX(0,AG4*AH4) -> 0 | AJ4: =MAX(0,AC4-AB4) -> 0 | AK4: 2 | AL4: =MAX(0,AJ4-AK4) -> 0 | AM4: 200 | AN4: =MAX(0,AL4*AM4) -> 0 | AP4: =AO4+AN4+AI4 -> 0
A5: =ROW()-3 -> 2 | B5: 1B | C5: T497DMH | D5: T541BWU-T275ELA | E5: ABDULRAZAK ATHUMAN HABIBU | F5: PUMPI | G5: CFS VINGUNGUTI | H5: 28 | I5: 35000 | J5: 35098 | K5: AN-HDAN | L5: 45890 | M5: ESL | N5: BC Raeda | O5: 45881 | P5: 45907 | Q5: 45892 | R5: 46040 | AD5: Loaded waitig release | AE5: =MAX(0,Y5-X5) -> 0 | AF5: 7 | AG5: =MAX(0,AE5-AF5) -> 0 | AH5: 200 | AI5: =MAX(0,AG5*AH5) -> 0 | AJ5: =MAX(0,AC5-AB5) -> 0 | AK5: 2 | AL5: =MAX(0,AJ5-AK5) -> 0 | AM5: 200 | AN5: =MAX(0,AL5*AM5) -> 0 | AP5: =AO5+AN5+AI5 -> 0
A6: =ROW()-3 -> 3 | B6: 1B | C6: T868CJS | D6: T955ASG-T395DSM | E6: RAMADHANI MOHAMED LIBONGE | F6: PUMPI | G6: CFS VINGUNGUTI | H6: 28 | I6: 35000 | J6: 35098 | K6: AN-HDAN | L6: 45890 | M6: ESL | N6: BC Raeda | O6: 45881 | P6: 45907 | Q6: 45892 | R6: 46040 | AD6: Loaded waitig release | AE6: =MAX(0,Y6-X6) -> 0 | AF6: 7 | AG6: =MAX(0,AE6-AF6) -> 0 | AH6: 200 | AI6: =MAX(0,AG6*AH6) -> 0 | AJ6: =MAX(0,AC6-AB6) -> 0 | AK6: 2 | AL6: =MAX(0,AJ6-AK6) -> 0 | AM6: 200 | AN6: =MAX(0,AL6*AM6) -> 0 | AP6: =AO6+AN6+AI6 -> 0
A7: =ROW()-3 -> 4 | B7: 1B | C7: T679CJT | D7: T925CTU-T216EMM | E7: EZEKIEL SAMWEL SHILAYE | F7: PUMPI | G7: CFS VINGUNGUTI | H7: 28 | I7: 35000 | J7: 35098 | K7: AN-HDAN | L7: 45890 | M7: ESL | N7: BC Raeda | O7: 45881 | P7: 45907 | Q7: 45892 | R7: 46040 | AD7: Loaded waitig release | AE7: =MAX(0,Y7-X7) -> 0 | AF7: 7 | AG7: =MAX(0,AE7-AF7) -> 0 | AH7: 200 | AI7: =MAX(0,AG7*AH7) -> 0 | AJ7: =MAX(0,AC7-AB7) -> 0 | AK7: 2 | AL7: =MAX(0,AJ7-AK7) -> 0 | AM7: 200 | AN7: =MAX(0,AL7*AM7) -> 0 | AP7: =AO7+AN7+AI7 -> 0
A8: =ROW()-3 -> 5 | B8: 1B | C8: T944DEY | D8: T383DGN | E8: FRANK PAULO CHIWANGO | F8: PUMPI | G8: CFS VINGUNGUTI | H8: 29 | I8: 36250 | J8: 36352 | K8: AN-HDAN | L8: 45890 | M8: ESL | N8: BC Raeda | O8: 45881 | P8: 45907 | Q8: 45892 | R8: 46040 | AD8: Loaded waitig release | AE8: =MAX(0,Y8-X8) -> 0 | AF8: 7 | AG8: =MAX(0,AE8-AF8) -> 0 | AH8: 200 | AI8: =MAX(0,AG8*AH8) -> 0 | AJ8: =MAX(0,AC8-AB8) -> 0 | AK8: 2 | AL8: =MAX(0,AJ8-AK8) -> 0 | AM8: 200 | AN8: =MAX(0,AL8*AM8) -> 0 | AP8: =AO8+AN8+AI8 -> 0
A9: =ROW()-3 -> 6 | B9: 1B | C9: T797CCY | D9: T169AHE-T693EFH | E9: HAMIS SHAIBU NGAYELA | F9: PUMPI | G9: CFS VINGUNGUTI | H9: 28 | I9: 35000 | J9: 35098 | K9: AN-HDAN | L9: 45890 | M9: ESL | N9: BC Raeda | O9: 45881 | P9: 45907 | Q9: 45892 | R9: 46040 | AD9: Loaded waitig release | AE9: =MAX(0,Y9-X9) -> 0 | AF9: 7 | AG9: =MAX(0,AE9-AF9) -> 0 | AH9: 200 | AI9: =MAX(0,AG9*AH9) -> 0 | AJ9: =MAX(0,AC9-AB9) -> 0 | AK9: 2 | AL9: =MAX(0,AJ9-AK9) -> 0 | AM9: 200 | AN9: =MAX(0,AL9*AM9) -> 0 | AP9: =AO9+AN9+AI9 -> 0
A10: =ROW()-3 -> 7 | B10: 1B | C10: T699DRY | D10: T207DSK | E10: CHARLES LUCAS MTENGULE | F10: PUMPI | G10: CFS VINGUNGUTI | H10: 29 | I10: 36250 | J10: 36352 | K10: AN-HDAN | L10: 45890 | M10: ESL | N10: BC Raeda | O10: 45881 | P10: 45907 | Q10: 45892 | R10: 46040 | AD10: Loaded waitig release | AE10: =MAX(0,Y10-X10) -> 0 | AF10: 7 | AG10: =MAX(0,AE10-AF10) -> 0 | AH10: 200 | AI10: =MAX(0,AG10*AH10) -> 0 | AJ10: =MAX(0,AC10-AB10) -> 0 | AK10: 2 | AL10: =MAX(0,AJ10-AK10) -> 0 | AM10: 200 | AN10: =MAX(0,AL10*AM10) -> 0 | AP10: =AO10+AN10+AI10 -> 0
A11: =ROW()-3 -> 8 | B11: 1B | C11: T648CJT | D11: T499DAA | E11: MELKION NICHOLAUS NTOGHA | F11: PUMPI | G11: CFS VINGUNGUTI | H11: 24 | I11: 30000 | J11: 30084 | K11: AN-HDAN | L11: 45890 | M11: ESL | N11: BC Raeda | O11: 45881 | P11: 45907 | Q11: 45892 | R11: 46040 | AD11: Loaded waitig release | AE11: =MAX(0,Y11-X11) -> 0 | AF11: 7 | AG11: =MAX(0,AE11-AF11) -> 0 | AH11: 200 | AI11: =MAX(0,AG11*AH11) -> 0 | AJ11: =MAX(0,AC11-AB11) -> 0 | AK11: 2 | AL11: =MAX(0,AJ11-AK11) -> 0 | AM11: 200 | AN11: =MAX(0,AL11*AM11) -> 0 | AP11: =AO11+AN11+AI11 -> 0
A12: =ROW()-3 -> 9 | B12: 1B | C12: T192EES | D12: T714CWH | E12: ANDREW GEORGE KAUNDE | F12: PUMPI | G12: CFS VINGUNGUTI | H12: 24 | I12: 30000 | J12: 30084 | K12: AN-HDAN | L12: 45890 | M12: ESL | N12: BC Raeda | O12: 45881 | P12: 45907 | Q12: 45892 | R12: 46040 | AD12: Loaded waitig release | AE12: =MAX(0,Y12-X12) -> 0 | AF12: 7 | AG12: =MAX(0,AE12-AF12) -> 0 | AH12: 200 | AI12: =MAX(0,AG12*AH12) -> 0 | AJ12: =MAX(0,AC12-AB12) -> 0 | AK12: 2 | AL12: =MAX(0,AJ12-AK12) -> 0 | AM12: 200 | AN12: =MAX(0,AL12*AM12) -> 0 | AP12: =AO12+AN12+AI12 -> 0
A13: =ROW()-3 -> 10 | B13: 1B | C13: T383DZH | D13: T466CBM-T287EMP | E13: MOHAMED MUSSA MOHAMED | F13: PUMPI | G13: CFS VINGUNGUTI | H13: 28 | I13: 35000 | J13: 35098 | K13: AN-HDAN | L13: 45890 | M13: ESL | N13: BC Raeda | O13: 45881 | P13: 45907 | Q13: 45892 | R13: 46038 | AD13: Loaded waitig release
A14: =ROW()-3 -> 11 | B14: 1B | C14: T885ECV | D14: T496DCA | E14: SHABANI SAID MBONDE | F14: PUMPI | G14: CFS VINGUNGUTI | H14: 29 | I14: 36250 | J14: 36352 | K14: AN-HDAN | L14: 45890 | M14: ESL | N14: BC Raeda | O14: 45881 | P14: 45907 | Q14: 45892 | R14: 46038 | AD14: Loaded waitig release
A15: =ROW()-3 -> 12 | B15: 1B | C15: T232DNF | D15: T569CTF-T566DTR | E15: BASHIRI WAZIRI MFINANGA | F15: PUMPI | G15: CFS VINGUNGUTI | H15: 28 | I15: 35000 | J15: 35098 | K15: AN-HDAN | L15: 45890 | M15: ESL | N15: BC Raeda | O15: 45881 | P15: 45907 | Q15: 45892 | R15: 46038 | AD15: Loaded waitig release
A16: =ROW()-3 -> 13 | B16: 1B | C16: T825ENP | D16: T292EFX-T296EFX | E16: AHIMIDIWE JACKSON MASAKI | F16: PUMPI | G16: CFS VINGUNGUTI | H16: 28 | I16: 35000 | J16: 35098 | K16: AN-HDAN | L16: 45890 | M16: ESL | N16: BC Raeda | O16: 45881 | P16: 45907 | Q16: 45892 | R16: 46038 | AD16: Loaded waitig release
A17: =ROW()-3 -> 14 | B17: 1B | C17: T651BZY | D17: T654AVR-T512EFH | E17: OMARY JUMA MSUMARI | F17: PUMPI | G17: CFS VINGUNGUTI | H17: 28 | I17: 35000 | J17: 35098 | K17: AN-HDAN | L17: 45890 | M17: ESL | N17: BC Raeda | O17: 45881 | P17: 45907 | Q17: 45892 | R17: 46038 | AD17: Loaded waitig release
A18: =ROW()-3 -> 15 | B18: 1B | C18: T660BZH | D18: T648AVR-T380DSM | E18: WILLIAM PAULO MINJA | F18: PUMPI | G18: CFS VINGUNGUTI | H18: 28 | I18: 35000 | J18: 35098 | K18: AN-HDAN | L18: 45890 | M18: ESL | N18: BC Raeda | O18: 45881 | P18: 45907 | Q18: 45892 | R18: 46038 | AD18: Loaded waitig release
A19: =ROW()-3 -> 16 | B19: 1B | C19: T330DWZ | D19: T247ARR-T318DUD | E19: MASAMA G BARNABA | F19: PUMPI | G19: CFS VINGUNGUTI | H19: 28 | I19: 35000 | J19: 35098 | K19: AN-HDAN | L19: 45890 | M19: ESL | N19: BC Raeda | O19: 45881 | P19: 45907 | Q19: 45892 | R19: 46038 | AD19: Loaded waitig release
A20: =ROW()-3 -> 17 | B20: 1B | C20: T223EES | D20: T186DED-T575DTR | E20: PAULO JENGO PAULO | F20: PUMPI | G20: CFS VINGUNGUTI | H20: 28 | I20: 35000 | J20: 35098 | K20: AN-HDAN | L20: 45890 | M20: ESL | N20: BC Raeda | O20: 45881 | P20: 45907 | Q20: 45892 | R20: 46036 | S20: 46038 | AD20: In Transit
A21: =ROW()-3 -> 18 | B21: 1B | C21: T318CFY | D21: T200BED-T670EFH | E21: AHMED MOHAMED CHALACHALA | F21: PUMPI | G21: CFS VINGUNGUTI | H21: 28 | I21: 35000 | J21: 35098 | K21: AN-HDAN | L21: 45890 | M21: ESL | N21: BC Raeda | O21: 45881 | P21: 45907 | Q21: 45892 | R21: 46031 | AD21: Loaded waitig release | AE21: =MAX(0,Y21-X21) -> 0 | AF21: 7 | AG21: =MAX(0,AE21-AF21) -> 0 | AH21: 200 | AI21: =MAX(0,AG21*AH21) -> 0 | AJ21: =MAX(0,AC21-AB21) -> 0 | AK21: 2 | AL21: =MAX(0,AJ21-AK21) -> 0 | AM21: 200 | AN21: =MAX(0,AL21*AM21) -> 0 | AP21: =AO21+AN21+AI21 -> 0
A22: =ROW()-3 -> 19 | B22: 1B | C22: T998DNE | D22: T724AHL-T372DSM | E22: MIRAJI JABIRY KAMONGO | F22: PUMPI | G22: CFS VINGUNGUTI | H22: 28 | I22: 35000 | J22: 35098 | K22: AN-HDAN | L22: 45890 | M22: ESL | N22: BC Raeda | O22: 45881 | P22: 45907 | Q22: 45892 | R22: 46031 | AD22: Loaded waitig release | AE22: =MAX(0,Y22-X22) -> 0 | AF22: 7 | AG22: =MAX(0,AE22-AF22) -> 0 | AH22: 200 | AI22: =MAX(0,AG22*AH22) -> 0 | AJ22: =MAX(0,AC22-AB22) -> 0 | AK22: 2 | AL22: =MAX(0,AJ22-AK22) -> 0 | AM22: 200 | AN22: =MAX(0,AL22*AM22) -> 0 | AP22: =AO22+AN22+AI22 -> 0
A23: =ROW()-3 -> 20 | B23: 1B | C23: T711DMS | D23: T239DQD-T518DQD | E23: RICHARD IPOLE MWAKATUMBULA | F23: PUMPI | G23: CFS VINGUNGUTI | H23: 27 | I23: 33750 | J23: 33845 | K23: AN-HDAN | L23: 45890 | M23: ESL | N23: BC Raeda | O23: 45881 | P23: 45907 | Q23: 45892 | R23: 46032 | AD23: Loaded waitig release | AE23: =MAX(0,Y23-X23) -> 0 | AF23: 7 | AG23: =MAX(0,AE23-AF23) -> 0 | AH23: 200 | AI23: =MAX(0,AG23*AH23) -> 0 | AJ23: =MAX(0,AC23-AB23) -> 0 | AK23: 2 | AL23: =MAX(0,AJ23-AK23) -> 0 | AM23: 200 | AN23: =MAX(0,AL23*AM23) -> 0 | AP23: =AO23+AN23+AI23 -> 0
A24: =ROW()-3 -> 21 | B24: 1B | C24: T830ENP | D24: T413EFX-T192EFX | E24: OMARY MOHAMED ALLY | F24: PUMPI | G24: CFS VINGUNGUTI | H24: 28 | I24: 35000 | J24: 35098 | K24: AN-HDAN | L24: 45890 | M24: ESL | N24: BC Raeda | O24: 45881 | P24: 45907 | Q24: 45892 | R24: 46036 | AD24: Loaded waitig release | AE24: =MAX(0,Y24-X24) -> 0 | AF24: 7 | AG24: =MAX(0,AE24-AF24) -> 0 | AH24: 200 | AI24: =MAX(0,AG24*AH24) -> 0 | AJ24: =MAX(0,AC24-AB24) -> 0 | AK24: 2 | AL24: =MAX(0,AJ24-AK24) -> 0 | AM24: 200 | AN24: =MAX(0,AL24*AM24) -> 0 | AP24: =AO24+AN24+AI24 -> 0
A25: =ROW()-3 -> 22 | B25: 1B | C25: T149EES | D25: T105EHW-T195EMP | E25: SHABANI JUMA KAPELA | F25: PUMPI | G25: CFS VINGUNGUTI | H25: 28 | I25: 35000 | J25: 35098 | K25: AN-HDAN | L25: 45890 | M25: ESL | N25: BC Raeda | O25: 45881 | P25: 45907 | Q25: 45892 | R25: 46036 | AD25: Loaded waitig release | AE25: =MAX(0,Y25-X25) -> 0 | AF25: 7 | AG25: =MAX(0,AE25-AF25) -> 0 | AH25: 200 | AI25: =MAX(0,AG25*AH25) -> 0 | AJ25: =MAX(0,AC25-AB25) -> 0 | AK25: 2 | AL25: =MAX(0,AJ25-AK25) -> 0 | AM25: 200 | AN25: =MAX(0,AL25*AM25) -> 0 | AP25: =AO25+AN25+AI25 -> 0
A26: =ROW()-3 -> 23 | B26: 1B | C26: T873CQL | D26: T178DED-T578DTR | E26: CHILE JACKOBU MAHENGE | F26: PUMPI | G26: CFS VINGUNGUTI | H26: 28 | I26: 35000 | J26: 35098 | K26: AN-HDAN | L26: 45890 | M26: ESL | N26: BC Raeda | O26: 45881 | P26: 45907 | Q26: 45892 | R26: 46036 | AD26: Loaded waitig release | AE26: =MAX(0,Y26-X26) -> 0 | AF26: 7 | AG26: =MAX(0,AE26-AF26) -> 0 | AH26: 200 | AI26: =MAX(0,AG26*AH26) -> 0 | AJ26: =MAX(0,AC26-AB26) -> 0 | AK26: 2 | AL26: =MAX(0,AJ26-AK26) -> 0 | AM26: 200 | AN26: =MAX(0,AL26*AM26) -> 0 | AP26: =AO26+AN26+AI26 -> 0
A27: =ROW()-3 -> 24 | B27: 1B | C27: T879CQL | D27: T375CRT-T426EFH | E27: JOHN PAULO MZALIFU | F27: PUMPI | G27: CFS VINGUNGUTI | H27: 28 | I27: 35000 | J27: 35098 | K27: AN-HDAN | L27: 45890 | M27: ESL | N27: BC Raeda | O27: 45881 | P27: 45907 | Q27: 45892 | R27: 46036 | AD27: Loaded waitig release | AE27: =MAX(0,Y27-X27) -> 0 | AF27: 7 | AG27: =MAX(0,AE27-AF27) -> 0 | AH27: 200 | AI27: =MAX(0,AG27*AH27) -> 0 | AJ27: =MAX(0,AC27-AB27) -> 0 | AK27: 2 | AL27: =MAX(0,AJ27-AK27) -> 0 | AM27: 200 | AN27: =MAX(0,AL27*AM27) -> 0 | AP27: =AO27+AN27+AI27 -> 0
A28: =ROW()-3 -> 25 | B28: 1B | C28: T716DMS | D28: T270DQD-T507DQD | E28: DEOGRASIAS INYASI SHIO | F28: PUMPI | G28: CFS VINGUNGUTI | H28: 27 | I28: 33750 | J28: 33845 | K28: AN-HDAN | L28: 45890 | M28: ESL | N28: BC Raeda | O28: 45881 | P28: 45907 | Q28: 45892 | R28: 46036 | AD28: Loaded waitig release | AE28: =MAX(0,Y28-X28) -> 0 | AF28: 7 | AG28: =MAX(0,AE28-AF28) -> 0 | AH28: 200 | AI28: =MAX(0,AG28*AH28) -> 0 | AJ28: =MAX(0,AC28-AB28) -> 0 | AK28: 2 | AL28: =MAX(0,AJ28-AK28) -> 0 | AM28: 200 | AN28: =MAX(0,AL28*AM28) -> 0 | AP28: =AO28+AN28+AI28 -> 0
A29: =ROW()-3 -> 26 | B29: 1B | C29: T796DRY | D29: T205DSK | E29: HEMED SAID HEMED | F29: PUMPI | G29: CFS VINGUNGUTI | H29: 29 | I29: 36250 | J29: 36352 | K29: AN-HDAN | L29: 45890 | M29: ESL | N29: BC Raeda | O29: 45881 | P29: 45907 | Q29: 45892 | R29: 46036 | AD29: Loaded waitig release | AE29: =MAX(0,Y29-X29) -> 0 | AF29: 7 | AG29: =MAX(0,AE29-AF29) -> 0 | AH29: 200 | AI29: =MAX(0,AG29*AH29) -> 0 | AJ29: =MAX(0,AC29-AB29) -> 0 | AK29: 2 | AL29: =MAX(0,AJ29-AK29) -> 0 | AM29: 200 | AN29: =MAX(0,AL29*AM29) -> 0 | AP29: =AO29+AN29+AI29 -> 0
A30: =ROW()-3 -> 27 | B30: 1B | C30: T331DWZ | D30: T203DEG-T987DWJ | E30: KENETH AMON LULENGA | F30: PUMPI | G30: CFS VINGUNGUTI | H30: 28 | I30: 35000 | J30: 35098 | K30: AN-HDAN | L30: 45890 | M30: ESL | N30: BC Raeda | O30: 45881 | P30: 45907 | Q30: 45892 | R30: 46036 | AD30: Loaded waitig release | AE30: =MAX(0,Y30-X30) -> 0 | AF30: 7 | AG30: =MAX(0,AE30-AF30) -> 0 | AH30: 200 | AI30: =MAX(0,AG30*AH30) -> 0 | AJ30: =MAX(0,AC30-AB30) -> 0 | AK30: 2 | AL30: =MAX(0,AJ30-AK30) -> 0 | AM30: 200 | AN30: =MAX(0,AL30*AM30) -> 0 | AP30: =AO30+AN30+AI30 -> 0
A31: =ROW()-3 -> 28 | B31: 1B | C31: T321CFY | D31: T693BMY | E31: MASHAKA SALUM KIYOYA | F31: PUMPI | G31: CFS VINGUNGUTI | H31: 24 | I31: 30000 | J31: 30084 | K31: AN-HDAN | L31: 45890 | M31: ESL | N31: BC Raeda | O31: 45881 | P31: 45907 | Q31: 45892 | R31: 46036 | AD31: Loaded waitig release | AE31: =MAX(0,Y31-X31) -> 0 | AF31: 7 | AG31: =MAX(0,AE31-AF31) -> 0 | AH31: 200 | AI31: =MAX(0,AG31*AH31) -> 0 | AJ31: =MAX(0,AC31-AB31) -> 0 | AK31: 2 | AL31: =MAX(0,AJ31-AK31) -> 0 | AM31: 200 | AN31: =MAX(0,AL31*AM31) -> 0 | AP31: =AO31+AN31+AI31 -> 0
A32: =ROW()-3 -> 29 | B32: 1B | C32: T650DQF | D32: T272DQD-T513DQD | E32: ANTHONY ELIUD NGUMBI | F32: SICODEX KOLWEZI | G32: CFS VINGUNGUTI | H32: 28 | I32: 35000 | J32: 35098 | K32: AN-HDAN | L32: 45890 | M32: ESL | N32: BC Raeda | O32: 45881 | P32: 45907 | Q32: 45892 | AD32: Loaded waitig release | AE32: =MAX(0,Y32-X32) -> 0 | AF32: 7 | AG32: =MAX(0,AE32-AF32) -> 0 | AH32: 200 | AI32: =MAX(0,AG32*AH32) -> 0 | AJ32: =MAX(0,AC32-AB32) -> 0 | AK32: 2 | AL32: =MAX(0,AJ32-AK32) -> 0 | AM32: 200 | AN32: =MAX(0,AL32*AM32) -> 0 | AP32: =AO32+AN32+AI32 -> 0
A33: =ROW()-3 -> 30 | B33: 1B | C33: T872CQL | D33: T455CRA-T322DUD | E33: ABUBAKAR JUMA KIZENGA | F33: SICODEX KOLWEZI | G33: CFS VINGUNGUTI | H33: 28 | I33: 35000 | J33: 35098 | K33: AN-HDAN | L33: 45890 | M33: ESL | N33: BC Raeda | O33: 45881 | P33: 45907 | Q33: 45892 | AD33: Loaded waitig release | AE33: =MAX(0,Y33-X33) -> 0 | AF33: 7 | AG33: =MAX(0,AE33-AF33) -> 0 | AH33: 200 | AI33: =MAX(0,AG33*AH33) -> 0 | AJ33: =MAX(0,AC33-AB33) -> 0 | AK33: 2 | AL33: =MAX(0,AJ33-AK33) -> 0 | AM33: 200 | AN33: =MAX(0,AL33*AM33) -> 0 | AP33: =AO33+AN33+AI33 -> 0
A34: =ROW()-3 -> 31 | B34: 1B | C34: T658DQF | D34: T879DQF-T880DQF | E34: ALLY HUSSEIN KULILI | F34: SICODEX KOLWEZI | G34: CFS VINGUNGUTI | H34: 28 | I34: 35000 | J34: 35098 | K34: AN-HDAN | L34: 45890 | M34: ESL | N34: BC Raeda | O34: 45881 | P34: 45907 | Q34: 45892 | AD34: Loaded waitig release | AE34: =MAX(0,Y34-X34) -> 0 | AF34: 7 | AG34: =MAX(0,AE34-AF34) -> 0 | AH34: 200 | AI34: =MAX(0,AG34*AH34) -> 0 | AJ34: =MAX(0,AC34-AB34) -> 0 | AK34: 2 | AL34: =MAX(0,AJ34-AK34) -> 0 | AM34: 200 | AN34: =MAX(0,AL34*AM34) -> 0 | AP34: =AO34+AN34+AI34 -> 0
A35: =ROW()-3 -> 32 | B35: 1B | C35: T643DPW | D35: T211DEG | E35: HABIB ALLY MIANDANJE | F35: SICODEX KOLWEZI | G35: CFS VINGUNGUTI | H35: 25 | I35: 31250 | J35: 31338 | K35: AN-HDAN | L35: 45890 | M35: ESL | N35: BC Raeda | O35: 45881 | P35: 45907 | Q35: 45892 | AD35: Loaded waitig release | AE35: =MAX(0,Y35-X35) -> 0 | AF35: 7 | AG35: =MAX(0,AE35-AF35) -> 0 | AH35: 200 | AI35: =MAX(0,AG35*AH35) -> 0 | AJ35: =MAX(0,AC35-AB35) -> 0 | AK35: 2 | AL35: =MAX(0,AJ35-AK35) -> 0 | AM35: 200 | AN35: =MAX(0,AL35*AM35) -> 0 | AP35: =AO35+AN35+AI35 -> 0
A36: =ROW()-3 -> 33 | B36: 1B | C36: T903ECV | D36: T357EGE | E36: WILIADI LUKUSYILA MWAKYOMA | F36: SICODEX KOLWEZI | G36: CFS VINGUNGUTI | H36: 29 | I36: 36250 | J36: 36352 | K36: AN-HDAN | L36: 45890 | M36: ESL | N36: BC Raeda | O36: 45881 | P36: 45907 | Q36: 45892 | AD36: Loaded waitig release | AE36: =MAX(0,Y36-X36) -> 0 | AF36: 7 | AG36: =MAX(0,AE36-AF36) -> 0 | AH36: 200 | AI36: =MAX(0,AG36*AH36) -> 0 | AJ36: =MAX(0,AC36-AB36) -> 0 | AK36: 2 | AL36: =MAX(0,AJ36-AK36) -> 0 | AM36: 200 | AN36: =MAX(0,AL36*AM36) -> 0 | AP36: =AO36+AN36+AI36 -> 0
A37: =ROW()-3 -> 34 | B37: 1B | C37: T461DZH | D37: T503AUU-T245EMP | E37: DEOGRATIAS TADEUS TARIMO | F37: SICODEX KOLWEZI | G37: CFS VINGUNGUTI | H37: 28 | I37: 35000 | J37: 35098 | K37: AN-HDAN | L37: 45890 | M37: ESL | N37: BC Raeda | O37: 45881 | P37: 45907 | Q37: 45892 | R37: 46031 | AD37: Loaded waitig release | AE37: =MAX(0,Y37-X37) -> 0 | AF37: 7 | AG37: =MAX(0,AE37-AF37) -> 0 | AH37: 200 | AI37: =MAX(0,AG37*AH37) -> 0 | AJ37: =MAX(0,AC37-AB37) -> 0 | AK37: 2 | AL37: =MAX(0,AJ37-AK37) -> 0 | AM37: 200 | AN37: =MAX(0,AL37*AM37) -> 0 | AP37: =AO37+AN37+AI37 -> 0
A38: =ROW()-3 -> 35 | B38: 1B | C38: T658BVB | D38: T109APA-T524EFH | E38: THOBIAS NICOLAUS ANDREA | F38: SICODEX KOLWEZI | G38: CFS VINGUNGUTI | H38: 28 | I38: 35000 | J38: 35098 | K38: AN-HDAN | L38: 45890 | M38: ESL | N38: BC Raeda | O38: 45881 | P38: 45907 | Q38: 45892 | R38: 46031 | AD38: Loaded waitig release | AE38: =MAX(0,Y38-X38) -> 0 | AF38: 7 | AG38: =MAX(0,AE38-AF38) -> 0 | AH38: 200 | AI38: =MAX(0,AG38*AH38) -> 0 | AJ38: =MAX(0,AC38-AB38) -> 0 | AK38: 2 | AL38: =MAX(0,AJ38-AK38) -> 0 | AM38: 200 | AN38: =MAX(0,AL38*AM38) -> 0 | AP38: =AO38+AN38+AI38 -> 0
A39: =ROW()-3 -> 36 | B39: 1B | C39: T106DMZ | D39: T634DRM-T640DRM | E39: TWALIB JOSEPH CHUGA | F39: SICODEX KOLWEZI | G39: CFS VINGUNGUTI | H39: 28 | I39: 35000 | J39: 35098 | K39: AN-HDAN | L39: 45890 | M39: ESL | N39: BC Raeda | O39: 45881 | P39: 45907 | Q39: 45892 | R39: 46031 | AD39: Loaded waitig release | AE39: =MAX(0,Y39-X39) -> 0 | AF39: 7 | AG39: =MAX(0,AE39-AF39) -> 0 | AH39: 200 | AI39: =MAX(0,AG39*AH39) -> 0 | AJ39: =MAX(0,AC39-AB39) -> 0 | AK39: 2 | AL39: =MAX(0,AJ39-AK39) -> 0 | AM39: 200 | AN39: =MAX(0,AL39*AM39) -> 0 | AP39: =AO39+AN39+AI39 -> 0
A40: =ROW()-3 -> 37 | B40: 1B | C40: T334EFR | D40: T415EFX-T195EFX | E40: ZUBERI SAID ZUBERI | F40: SICODEX KOLWEZI | G40: CFS VINGUNGUTI | H40: 28 | I40: 35000 | J40: 35098 | K40: AN-HDAN | L40: 45890 | M40: ESL | N40: BC Raeda | O40: 45881 | P40: 45907 | Q40: 45892 | R40: 46031 | AD40: Loaded waitig release | AE40: =MAX(0,Y40-X40) -> 0 | AF40: 7 | AG40: =MAX(0,AE40-AF40) -> 0 | AH40: 200 | AI40: =MAX(0,AG40*AH40) -> 0 | AJ40: =MAX(0,AC40-AB40) -> 0 | AK40: 2 | AL40: =MAX(0,AJ40-AK40) -> 0 | AM40: 200 | AN40: =MAX(0,AL40*AM40) -> 0 | AP40: =AO40+AN40+AI40 -> 0
A41: =ROW()-3 -> 38 | B41: 1B | C41: T638BVP | D41: T702BMY-T528EFH | E41: PAULO CHARLES ANGA | F41: SICODEX KOLWEZI | G41: CFS VINGUNGUTI | H41: 28 | I41: 35000 | J41: 35098 | K41: AN-HDAN | L41: 45890 | M41: ESL | N41: BC Raeda | O41: 45881 | P41: 45907 | Q41: 45892 | R41: 46031 | AD41: Loaded waitig release | AE41: =MAX(0,Y41-X41) -> 0 | AF41: 7 | AG41: =MAX(0,AE41-AF41) -> 0 | AH41: 200 | AI41: =MAX(0,AG41*AH41) -> 0 | AJ41: =MAX(0,AC41-AB41) -> 0 | AK41: 2 | AL41: =MAX(0,AJ41-AK41) -> 0 | AM41: 200 | AN41: =MAX(0,AL41*AM41) -> 0 | AP41: =AO41+AN41+AI41 -> 0
A42: =ROW()-3 -> 39 | B42: 1B | C42: T797DRY | D42: T262DTD | E42: EMMANUEL PAUL MAKOYE | F42: SICODEX KOLWEZI | G42: CFS VINGUNGUTI | H42: 29 | I42: 36250 | J42: 36352 | K42: AN-HDAN | L42: 45890 | M42: ESL | N42: BC Raeda | O42: 45881 | P42: 45907 | Q42: 45892 | R42: 46029 | AD42: Loaded waiting release | AE42: =MAX(0,Y42-X42) -> 0 | AF42: 7 | AG42: =MAX(0,AE42-AF42) -> 0 | AH42: 200 | AI42: =MAX(0,AG42*AH42) -> 0 | AJ42: =MAX(0,AC42-AB42) -> 0 | AK42: 2 | AL42: =MAX(0,AJ42-AK42) -> 0 | AM42: 200 | AN42: =MAX(0,AL42*AM42) -> 0 | AP42: =AO42+AN42+AI42 -> 0
A43: =ROW()-3 -> 40 | B43: 1B | C43: T292DRM | D43: T978BXK | E43: IDDI TITUSI MKENGE | F43: SICODEX KOLWEZI | G43: CFS VINGUNGUTI | H43: 30 | I43: 37500 | J43: 37605 | K43: AN-HDAN | L43: 45890 | M43: ESL | N43: BC Raeda | O43: 45881 | P43: 45907 | Q43: 45892 | R43: 46029 | AD43: Loaded waiting release | AE43: =MAX(0,Y43-X43) -> 0 | AF43: 7 | AG43: =MAX(0,AE43-AF43) -> 0 | AH43: 200 | AI43: =MAX(0,AG43*AH43) -> 0 | AJ43: =MAX(0,AC43-AB43) -> 0 | AK43: 2 | AL43: =MAX(0,AJ43-AK43) -> 0 | AM43: 200 | AN43: =MAX(0,AL43*AM43) -> 0 | AP43: =AO43+AN43+AI43 -> 0
A44: =ROW()-3 -> 41 | B44: 1B | C44: T856DVK | D44: T439DBY | E44: HATIBU HAMADI KAMOTE | F44: SICODEX KOLWEZI | G44: CFS VINGUNGUTI | H44: 29 | I44: 36250 | J44: 36352 | K44: AN-HDAN | L44: 45890 | M44: ESL | N44: BC Raeda | O44: 45881 | P44: 45907 | Q44: 45892 | R44: 46029 | AD44: Loaded waiting release | AE44: =MAX(0,Y44-X44) -> 0 | AF44: 7 | AG44: =MAX(0,AE44-AF44) -> 0 | AH44: 200 | AI44: =MAX(0,AG44*AH44) -> 0 | AJ44: =MAX(0,AC44-AB44) -> 0 | AK44: 2 | AL44: =MAX(0,AJ44-AK44) -> 0 | AM44: 200 | AN44: =MAX(0,AL44*AM44) -> 0 | AP44: =AO44+AN44+AI44 -> 0
A45: =ROW()-3 -> 42 | B45: 1B | C45: T157EES | D45: T351EGE | E45: ATHUMANI SHABANI MILLONDOMO | F45: SICODEX KOLWEZI | G45: CFS VINGUNGUTI | H45: 29 | I45: 36250 | J45: 36352 | K45: AN-HDAN | L45: 45890 | M45: ESL | N45: BC Raeda | O45: 45881 | P45: 45907 | Q45: 45892 | R45: 46029 | AD45: Loaded waiting release | AE45: =MAX(0,Y45-X45) -> 0 | AF45: 7 | AG45: =MAX(0,AE45-AF45) -> 0 | AH45: 200 | AI45: =MAX(0,AG45*AH45) -> 0 | AJ45: =MAX(0,AC45-AB45) -> 0 | AK45: 2 | AL45: =MAX(0,AJ45-AK45) -> 0 | AM45: 200 | AN45: =MAX(0,AL45*AM45) -> 0 | AP45: =AO45+AN45+AI45 -> 0
A46: =ROW()-3 -> 43 | B46: 1B | C46: T767EAE | D46: T473DAA-T573DTR | E46: KOKOYO ALFAN LAWA | F46: SICODEX KOLWEZI | G46: CFS VINGUNGUTI | H46: 28 | I46: 35000 | J46: 35098 | K46: AN-HDAN | L46: 45890 | M46: ESL | N46: BC Raeda | O46: 45881 | P46: 45907 | Q46: 45892 | R46: 46029 | AD46: Loaded waiting release | AE46: =MAX(0,Y46-X46) -> 0 | AF46: 7 | AG46: =MAX(0,AE46-AF46) -> 0 | AH46: 200 | AI46: =MAX(0,AG46*AH46) -> 0 | AJ46: =MAX(0,AC46-AB46) -> 0 | AK46: 2 | AL46: =MAX(0,AJ46-AK46) -> 0 | AM46: 200 | AN46: =MAX(0,AL46*AM46) -> 0 | AP46: =AO46+AN46+AI46 -> 0
A47: =ROW()-3 -> 44 | B47: 1B | C47: T722BVB | D47: T416EFX-T201EFX | E47: ABDALAH OMARI MATAKA | F47: SICODEX KOLWEZI | G47: CFS VINGUNGUTI | H47: 28 | I47: 35000 | J47: 35098 | K47: AN-HDAN | L47: 45890 | M47: ESL | N47: BC Raeda | O47: 45881 | P47: 45907 | Q47: 45892 | R47: 46029 | AD47: Loaded waiting release | AE47: =MAX(0,Y47-X47) -> 0 | AF47: 7 | AG47: =MAX(0,AE47-AF47) -> 0 | AH47: 200 | AI47: =MAX(0,AG47*AH47) -> 0 | AJ47: =MAX(0,AC47-AB47) -> 0 | AK47: 2 | AL47: =MAX(0,AJ47-AK47) -> 0 | AM47: 200 | AN47: =MAX(0,AL47*AM47) -> 0 | AP47: =AO47+AN47+AI47 -> 0
A48: =ROW()-3 -> 45 | B48: 1B | C48: T467DZH | D48: T199DZH-T906DZG | E48: MARTIN DEVILLIER JAPANIS | F48: SICODEX KOLWEZI | G48: CFS VINGUNGUTI | H48: 28 | I48: 35000 | J48: 35098 | K48: AN-HDAN | L48: 45890 | M48: ESL | N48: BC Raeda | O48: 45881 | P48: 45907 | Q48: 45892 | R48: 46029 | AD48: Loaded waiting release | AE48: =MAX(0,Y48-X48) -> 0 | AF48: 7 | AG48: =MAX(0,AE48-AF48) -> 0 | AH48: 200 | AI48: =MAX(0,AG48*AH48) -> 0 | AJ48: =MAX(0,AC48-AB48) -> 0 | AK48: 2 | AL48: =MAX(0,AJ48-AK48) -> 0 | AM48: 200 | AN48: =MAX(0,AL48*AM48) -> 0 | AP48: =AO48+AN48+AI48 -> 0
... A88: =ROW()-3 -> 85 | B88: 1B | C88: T255CVP | D88: T874CTU-T617EFH | E88: ABDALAH MASUDI ABDALAH | F88: LIKASI /SICODEX | G88: CFS VINGUNGUTI | H88: 28 | I88: 35000 | J88: 35098 | K88: AN-HDAN | L88: 45890 | M88: ESL | N88: BC Raeda | O88: 45881 | P88: 45907 | Q88: 45892 | R88: 46020 | AD88: Loaded waiting release | AE88: =MAX(0,Y88-X88) -> 0 | AF88: 7 | AG88: =MAX(0,AE88-AF88) -> 0 | AH88: 200 | AI88: =MAX(0,AG88*AH88) -> 0 | AJ88: =MAX(0,AC88-AB88) -> 0 | AK88: 2 | AL88: =MAX(0,AJ88-AK88) -> 0 | AM88: 200 | AN88: =MAX(0,AL88*AM88) -> 0 | AP88: =AO88+AN88+AI88 -> 0
A89: =ROW()-3 -> 86 | B89: 1B | C89: T635BVP | D89: T777AXN-T285EMP | E89: EMMANUEL LEARNSON NJOWELA | F89: LIKASI /SICODEX | G89: MBALA TZ | H89: 28 | I89: 35000 | J89: 35070 | K89: AN-HDAN | L89: 45890 | M89: ESL | N89: BC Raeda | O89: 45881 | P89: 45907 | Q89: 45892 | R89: 46011 | S89: 46014 | AD89: In Transit | AE89: =MAX(0,Y89-X89) -> 0 | AF89: 7 | AG89: =MAX(0,AE89-AF89) -> 0 | AH89: 200 | AI89: =MAX(0,AG89*AH89) -> 0 | AJ89: =MAX(0,AC89-AB89) -> 0 | AK89: 2 | AL89: =MAX(0,AJ89-AK89) -> 0 | AM89: 200 | AN89: =MAX(0,AL89*AM89) -> 0 | AP89: =AO89+AN89+AI89 -> 0
A90: =ROW()-3 -> 87 | B90: 1B | C90: T218EES | D90: T349EGE | E90: ABRAHAM KATINA SHIJA | F90: LIKASI /SICODEX | G90: MBALA TZ | H90: 29 | I90: 36250 | J90: 36323 | K90: AN-HDAN | L90: 45890 | M90: ESL | N90: BC Raeda | O90: 45881 | P90: 45907 | Q90: 45892 | R90: 46010 | S90: 46014 | AD90: In Transit | AE90: =MAX(0,Y90-X90) -> 0 | AF90: 7 | AG90: =MAX(0,AE90-AF90) -> 0 | AH90: 200 | AI90: =MAX(0,AG90*AH90) -> 0 | AJ90: =MAX(0,AC90-AB90) -> 0 | AK90: 2 | AL90: =MAX(0,AJ90-AK90) -> 0 | AM90: 200 | AN90: =MAX(0,AL90*AM90) -> 0 | AP90: =AO90+AN90+AI90 -> 0
A91: =ROW()-3 -> 88 | B91: 1B | C91: T580DMJ | D91: T735BAK-T935DWJ | E91: SEKO PAULO LUPEMBA | F91: LIKASI /SICODEX | G91: CFS VINGUNGUTI | H91: 28 | I91: 35000 | J91: 35070 | K91: AN-HDAN | L91: 45890 | M91: ESL | N91: BC Raeda | O91: 45881 | P91: 45907 | Q91: 45892 | R91: 46011 | AD91: Loaded waiting release | AE91: =MAX(0,Y91-X91) -> 0 | AF91: 7 | AG91: =MAX(0,AE91-AF91) -> 0 | AH91: 200 | AI91: =MAX(0,AG91*AH91) -> 0 | AJ91: =MAX(0,AC91-AB91) -> 0 | AK91: 2 | AL91: =MAX(0,AJ91-AK91) -> 0 | AM91: 200 | AN91: =MAX(0,AL91*AM91) -> 0 | AP91: =AO91+AN91+AI91 -> 0
A92: =ROW()-3 -> 89 | B92: 1B | C92: T297EJA | D92: T151EHW-TT252EMP | E92: ABDALLAH ATHUMANI ALLY | F92: LIKASI /SICODEX | G92: CFS VINGUNGUTI | H92: 28 | I92: 35000 | J92: 35070 | K92: AN-HDAN | L92: 45890 | M92: ESL | N92: BC Raeda | O92: 45881 | P92: 45907 | Q92: 45892 | R92: 46011 | AD92: Loaded waiting release | AE92: =MAX(0,Y92-X92) -> 0 | AF92: 7 | AG92: =MAX(0,AE92-AF92) -> 0 | AH92: 200 | AI92: =MAX(0,AG92*AH92) -> 0 | AJ92: =MAX(0,AC92-AB92) -> 0 | AK92: 2 | AL92: =MAX(0,AJ92-AK92) -> 0 | AM92: 200 | AN92: =MAX(0,AL92*AM92) -> 0 | AP92: =AO92+AN92+AI92 -> 0
A93: =ROW()-3 -> 90 | B93: 1B | C93: T657BZY | D93: T401BJE | E93: ELIAKIMU JUMA SAID | F93: LIKASI /SICODEX | G93: CFS VINGUNGUTI | H93: 24 | I93: 30000 | J93: 30084 | K93: AN-HDAN | L93: 45890 | M93: ESL | N93: BC Raeda | O93: 45881 | P93: 45907 | Q93: 45892 | R93: 46011 | AD93: Loaded waiting release | AE93: =MAX(0,Y93-X93) -> 0 | AF93: 7 | AG93: =MAX(0,AE93-AF93) -> 0 | AH93: 200 | AI93: =MAX(0,AG93*AH93) -> 0 | AJ93: =MAX(0,AC93-AB93) -> 0 | AK93: 2 | AL93: =MAX(0,AJ93-AK93) -> 0 | AM93: 200 | AN93: =MAX(0,AL93*AM93) -> 0 | AP93: =AO93+AN93+AI93 -> 0
A94: =ROW()-3 -> 91 | B94: 1B | C94: T872EBS | D94: T966EBC-T550EBB | E94: ABDALLAH HAMIS OMARY | F94: LIKASI /SICODEX | G94: CFS VINGUNGUTI | H94: 28 | I94: 35000 | J94: 35070 | K94: AN-HDAN | L94: 45890 | M94: ESL | N94: BC Raeda | O94: 45881 | P94: 45907 | Q94: 45892 | R94: 46011 | AD94: Loaded waiting release | AE94: =MAX(0,Y94-X94) -> 0 | AF94: 7 | AG94: =MAX(0,AE94-AF94) -> 0 | AH94: 200 | AI94: =MAX(0,AG94*AH94) -> 0 | AJ94: =MAX(0,AC94-AB94) -> 0 | AK94: 2 | AL94: =MAX(0,AJ94-AK94) -> 0 | AM94: 200 | AN94: =MAX(0,AL94*AM94) -> 0 | AP94: =AO94+AN94+AI94 -> 0
A95: =ROW()-3 -> 92 | B95: 1B | C95: T462DZH | D95: T200CVF-T212EMM | E95: JUMA BAKARI ALLY | F95: LIKASI /SICODEX | G95: CFS VINGUNGUTI | H95: 28 | I95: 35000 | J95: 35070 | K95: AN-HDAN | L95: 45890 | M95: ESL | N95: BC Raeda | O95: 45881 | P95: 45907 | Q95: 45892 | R95: 46011 | AD95: Loaded waiting release | AE95: =MAX(0,Y95-X95) -> 0 | AF95: 7 | AG95: =MAX(0,AE95-AF95) -> 0 | AH95: 200 | AI95: =MAX(0,AG95*AH95) -> 0 | AJ95: =MAX(0,AC95-AB95) -> 0 | AK95: 2 | AL95: =MAX(0,AJ95-AK95) -> 0 | AM95: 200 | AN95: =MAX(0,AL95*AM95) -> 0 | AP95: =AO95+AN95+AI95 -> 0
A96: =ROW()-3 -> 93 | B96: 1B | C96: T350DWZ | D96: T645CKC-T581DTR | E96: MAKWAYA ATHUMANI MLUNDI | F96: LIKASI /SICODEX | G96: CFS VINGUNGUTI | H96: 28 | I96: 35000 | J96: 35070 | K96: AN-HDAN | L96: 45890 | M96: ESL | N96: BC Raeda | O96: 45881 | P96: 45907 | Q96: 45892 | R96: 46010 | AD96: Loaded waiting release | AE96: =MAX(0,Y96-X96) -> 0 | AF96: 7 | AG96: =MAX(0,AE96-AF96) -> 0 | AH96: 200 | AI96: =MAX(0,AG96*AH96) -> 0 | AJ96: =MAX(0,AC96-AB96) -> 0 | AK96: 2 | AL96: =MAX(0,AJ96-AK96) -> 0 | AM96: 200 | AN96: =MAX(0,AL96*AM96) -> 0 | AP96: =AO96+AN96+AI96 -> 0
A97: =ROW()-3 -> 94 | B97: 1B | C97: T307CVN | D97: T508BWD-T930DWJ | E97: AHMED MUSHITAK MAWJI | F97: LIKASI /SICODEX | G97: CFS VINGUNGUTI | H97: 28 | I97: 35000 | J97: 35070 | K97: AN-HDAN | L97: 45890 | M97: ESL | N97: BC Raeda | O97: 45881 | P97: 45907 | Q97: 45892 | R97: 46011 | AD97: Loaded waiting release | AE97: =MAX(0,Y97-X97) -> 0 | AF97: 7 | AG97: =MAX(0,AE97-AF97) -> 0 | AH97: 200 | AI97: =MAX(0,AG97*AH97) -> 0 | AJ97: =MAX(0,AC97-AB97) -> 0 | AK97: 2 | AL97: =MAX(0,AJ97-AK97) -> 0 | AM97: 200 | AN97: =MAX(0,AL97*AM97) -> 0 | AP97: =AO97+AN97+AI97 -> 0
A98: =ROW()-3 -> 95 | B98: 1B | C98: T539BXN | D98: T971CFD-T729EFH | E98: DAUDI DAMAS MWAPENDA | F98: LIKASI /SICODEX | G98: CFS VINGUNGUTI | H98: 28 | I98: 35000 | J98: 35070 | K98: AN-HDAN | L98: 45890 | M98: ESL | N98: BC Raeda | O98: 45881 | P98: 45907 | Q98: 45892 | R98: 46010 | AD98: Loaded waiting release | AE98: =MAX(0,Y98-X98) -> 0 | AF98: 7 | AG98: =MAX(0,AE98-AF98) -> 0 | AH98: 200 | AI98: =MAX(0,AG98*AH98) -> 0 | AJ98: =MAX(0,AC98-AB98) -> 0 | AK98: 2 | AL98: =MAX(0,AJ98-AK98) -> 0 | AM98: 200 | AN98: =MAX(0,AL98*AM98) -> 0 | AP98: =AO98+AN98+AI98 -> 0
A99: =ROW()-3 -> 96 | B99: 1B | C99: T334DWZ | D99: T517AUU-T936DWJ | E99: WAZIRI SALEHE MWADEGU | F99: LIKASI /SICODEX | G99: CFS VINGUNGUTI | H99: 28 | I99: 35000 | J99: 35070 | K99: AN-HDAN | L99: 45890 | M99: ESL | N99: BC Raeda | O99: 45881 | P99: 45907 | Q99: 45892 | R99: 46010 | AD99: Loaded waiting release | AE99: =MAX(0,Y99-X99) -> 0 | AF99: 7 | AG99: =MAX(0,AE99-AF99) -> 0 | AH99: 200 | AI99: =MAX(0,AG99*AH99) -> 0 | AJ99: =MAX(0,AC99-AB99) -> 0 | AK99: 2 | AL99: =MAX(0,AJ99-AK99) -> 0 | AM99: 200 | AN99: =MAX(0,AL99*AM99) -> 0 | AP99: =AO99+AN99+AI99 -> 0
A100: =ROW()-3 -> 97 | B100: 1B | C100: T586DMJ | D100: T287BED-T960DWJ | E100: SILAS JONAS MAGAMBO | F100: LIKASI /SICODEX | G100: CFS VINGUNGUTI | H100: 28 | I100: 35000 | J100: 35070 | K100: AN-HDAN | L100: 45890 | M100: ESL | N100: BC Raeda | O100: 45881 | P100: 45907 | Q100: 45892 | R100: 46011 | AD100: Loaded waiting release | AE100: =MAX(0,Y100-X100) -> 0 | AF100: 7 | AG100: =MAX(0,AE100-AF100) -> 0 | AH100: 200 | AI100: =MAX(0,AG100*AH100) -> 0 | AJ100: =MAX(0,AC100-AB100) -> 0 | AK100: 2 | AL100: =MAX(0,AJ100-AK100) -> 0 | AM100: 200 | AN100: =MAX(0,AL100*AM100) -> 0 | AP100: =AO100+AN100+AI100 -> 0
A101: =ROW()-3 -> 98 | B101: 1B | C101: T578DMJ | D101: T177DCZ-T556DTR | E101: BASHIRU JUMA SOMBI | F101: LIKASI /SICODEX | G101: CFS VINGUNGUTI | H101: 28 | I101: 35000 | J101: 35070 | K101: AN-HDAN | L101: 45890 | M101: ESL | N101: BC Raeda | O101: 45881 | P101: 45907 | Q101: 45892 | R101: 46011 | AD101: Loaded waiting release | AE101: =MAX(0,Y101-X101) -> 0 | AF101: 7 | AG101: =MAX(0,AE101-AF101) -> 0 | AH101: 200 | AI101: =MAX(0,AG101*AH101) -> 0 | AJ101: =MAX(0,AC101-AB101) -> 0 | AK101: 2 | AL101: =MAX(0,AJ101-AK101) -> 0 | AM101: 200 | AN101: =MAX(0,AL101*AM101) -> 0 | AP101: =AO101+AN101+AI101 -> 0
A102: =ROW()-3 -> 99 | B102: 1B | C102: T645CJT | D102: T445CBM-T984DWJ | E102: SALIM ZUBERI ALLY | F102: LIKASI /SICODEX | G102: CFS VINGUNGUTI | H102: 28 | I102: 35000 | J102: 35070 | K102: AN-HDAN | L102: 45890 | M102: ESL | N102: BC Raeda | O102: 45881 | P102: 45907 | Q102: 45892 | R102: 46011 | AD102: Loaded waiting release | AE102: =MAX(0,Y102-X102) -> 0 | AF102: 7 | AG102: =MAX(0,AE102-AF102) -> 0 | AH102: 200 | AI102: =MAX(0,AG102*AH102) -> 0 | AJ102: =MAX(0,AC102-AB102) -> 0 | AK102: 2 | AL102: =MAX(0,AJ102-AK102) -> 0 | AM102: 200 | AN102: =MAX(0,AL102*AM102) -> 0 | AP102: =AO102+AN102+AI102 -> 0
... A128: =ROW()-3 -> 125 | B128: 1B | C128: T937DEY | D128: T326DGN | E128: MRISHO OMARY KIDUKURI | F128: LIKASI /SICODEX | G128: CFS VINGUNGUTI | H128: 29 | I128: 36250 | J128: 36323 | K128: AN-HDAN | L128: 45890 | M128: ESL | N128: BC Raeda | O128: 45881 | P128: 45907 | Q128: 45892 | R128: 46004 | AD128: Loaded waiting release | AE128: =MAX(0,Y128-X128) -> 0 | AF128: 7 | AG128: =MAX(0,AE128-AF128) -> 0 | AH128: 200 | AI128: =MAX(0,AG128*AH128) -> 0 | AJ128: =MAX(0,AC128-AB128) -> 0 | AK128: 2 | AL128: =MAX(0,AJ128-AK128) -> 0 | AM128: 200 | AN128: =MAX(0,AL128*AM128) -> 0 | AP128: =AO128+AN128+AI128 -> 0
A129: =ROW()-3 -> 126 | B129: 1B | C129: T697DRY | D129: T204DSK | E129: SALUM SAID MISODE | F129: LIKASI /SICODEX | G129: MBALA TZ | H129: 29 | I129: 36250 | J129: 36323 | K129: AN-HDAN | L129: 45890 | M129: ESL | N129: BC Raeda | O129: 45881 | P129: 45907 | Q129: 45892 | R129: 46004 | S129: 46005 | AD129: In Transit | AE129: =MAX(0,Y129-X129) -> 0 | AF129: 7 | AG129: =MAX(0,AE129-AF129) -> 0 | AH129: 200 | AI129: =MAX(0,AG129*AH129) -> 0 | AJ129: =MAX(0,AC129-AB129) -> 0 | AK129: 2 | AL129: =MAX(0,AJ129-AK129) -> 0 | AM129: 200 | AN129: =MAX(0,AL129*AM129) -> 0 | AP129: =AO129+AN129+AI129 -> 0
A130: =ROW()-3 -> 127 | B130: 1B | C130: T619BVP | D130: T812BVG-T415EFH | E130: MHINA HOSSENI NTULWE | F130: LIKASI /SICODEX | G130: MBALA TZ | H130: 28 | I130: 35000 | J130: 35070 | K130: AN-HDAN | L130: 45890 | M130: ESL | N130: BC Raeda | O130: 45881 | P130: 45907 | Q130: 45892 | R130: 46004 | S130: 46005 | AD130: In Transit | AE130: =MAX(0,Y130-X130) -> 0 | AF130: 7 | AG130: =MAX(0,AE130-AF130) -> 0 | AH130: 200 | AI130: =MAX(0,AG130*AH130) -> 0 | AJ130: =MAX(0,AC130-AB130) -> 0 | AK130: 2 | AL130: =MAX(0,AJ130-AK130) -> 0 | AM130: 200 | AN130: =MAX(0,AL130*AM130) -> 0 | AP130: =AO130+AN130+AI130 -> 0
A131: =ROW()-3 -> 128 | B131: 1B | C131: T311EES | D131: T988ANZ-T268ELA | E131: ISACK HARIM MWAMENGO | F131: LIKASI /SICODEX | G131: MBALA TZ | H131: 28 | I131: 35000 | J131: 35070 | K131: AN-HDAN | L131: 45890 | M131: ESL | N131: BC Raeda | O131: 45881 | P131: 45907 | Q131: 45892 | R131: 46004 | S131: 46005 | AD131: In Transit | AE131: =MAX(0,Y131-X131) -> 0 | AF131: 7 | AG131: =MAX(0,AE131-AF131) -> 0 | AH131: 200 | AI131: =MAX(0,AG131*AH131) -> 0 | AJ131: =MAX(0,AC131-AB131) -> 0 | AK131: 2 | AL131: =MAX(0,AJ131-AK131) -> 0 | AM131: 200 | AN131: =MAX(0,AL131*AM131) -> 0 | AP131: =AO131+AN131+AI131 -> 0
A132: =ROW()-3 -> 129 | B132: 1B | C132: T583DMJ | D132: T183DED-T508EFH | E132: THEONAS VICENT KALYALYA | F132: LIKASI /SICODEX | G132: MBALA TZ | H132: 28 | I132: 35000 | J132: 35070 | K132: AN-HDAN | L132: 45890 | M132: ESL | N132: BC Raeda | O132: 45881 | P132: 45907 | Q132: 45892 | R132: 46004 | S132: 46005 | AD132: In Transit | AE132: =MAX(0,Y132-X132) -> 0 | AF132: 7 | AG132: =MAX(0,AE132-AF132) -> 0 | AH132: 200 | AI132: =MAX(0,AG132*AH132) -> 0 | AJ132: =MAX(0,AC132-AB132) -> 0 | AK132: 2 | AL132: =MAX(0,AJ132-AK132) -> 0 | AM132: 200 | AN132: =MAX(0,AL132*AM132) -> 0 | AP132: =AO132+AN132+AI132 -> 0
A133: =ROW()-3 -> 130 | B133: 1B | C133: T901ECV | D133: T350BDR | E133: ISSA KASSIMU MWEMBA | F133: LIKASI /SICODEX | G133: CFS VINGUNGUTI | H133: 29 | I133: 36323 | J133: 56000 | K133: AN-HDAN | L133: 45890 | M133: ESL | N133: BC Raeda | O133: 45881 | P133: 45907 | Q133: 45892 | R133: 45999 | AD133: Loaded Waiting release | AE133: =MAX(0,Y133-X133) -> 0 | AF133: 7 | AG133: =MAX(0,AE133-AF133) -> 0 | AH133: 200 | AI133: =MAX(0,AG133*AH133) -> 0 | AJ133: =MAX(0,AC133-AB133) -> 0 | AK133: 2 | AL133: =MAX(0,AJ133-AK133) -> 0 | AM133: 200 | AN133: =MAX(0,AL133*AM133) -> 0 | AP133: =AO133+AN133+AI133 -> 0
A134: =ROW()-3 -> 131 | B134: 1B | C134: T551DCZ | D134: T515BWD | E134: JUMAA HALFAN KIPANGA | F134: LIKASI /SICODEX | G134: CFS VINGUNGUTI | H134: 29 | I134: 36250 | J134: 36323 | K134: AN-HDAN | L134: 45890 | M134: ESL | N134: BC Raeda | O134: 45881 | P134: 45907 | Q134: 45892 | R134: 45990 | AD134: Loaded Waiting release | AE134: =MAX(0,Y134-X134) -> 0 | AF134: 7 | AG134: =MAX(0,AE134-AF134) -> 0 | AH134: 200 | AI134: =MAX(0,AG134*AH134) -> 0 | AJ134: =MAX(0,AC134-AB134) -> 0 | AK134: 2 | AL134: =MAX(0,AJ134-AK134) -> 0 | AM134: 200 | AN134: =MAX(0,AL134*AM134) -> 0 | AP134: =AO134+AN134+AI134 -> 0
A135: =ROW()-3 -> 132 | B135: 1B | C135: T895ECV | D135: T697CKC | E135: IDDI HASSAN CHILEU | F135: LIKASI /SICODEX | G135: MBALA TZ | H135: 29 | I135: 36250 | J135: 36323 | K135: AN-HDAN | L135: 45890 | M135: ESL | N135: BC Raeda | O135: 45881 | P135: 45907 | Q135: 45892 | R135: 46004 | S135: 46005 | AD135: In Transit | AE135: =MAX(0,Y135-X135) -> 0 | AF135: 7 | AG135: =MAX(0,AE135-AF135) -> 0 | AH135: 200 | AI135: =MAX(0,AG135*AH135) -> 0 | AJ135: =MAX(0,AC135-AB135) -> 0 | AK135: 2 | AL135: =MAX(0,AJ135-AK135) -> 0 | AM135: 200 | AN135: =MAX(0,AL135*AM135) -> 0 | AP135: =AO135+AN135+AI135 -> 0
A136: =ROW()-3 -> 133 | B136: 1B | C136: T599BXN | D136: T186BED-T689DUQ | E136: MAHAMOOD JAPANIS DEVILLIES | F136: LIKASI /SICODEX | G136: MBALA TZ | H136: 28 | I136: 35000 | J136: 35070 | K136: AN-HDAN | L136: 45890 | M136: ESL | N136: BC Raeda | O136: 45881 | P136: 45907 | Q136: 45892 | R136: 46004 | S136: 46005 | AD136: In Transit | AE136: =MAX(0,Y136-X136) -> 0 | AF136: 7 | AG136: =MAX(0,AE136-AF136) -> 0 | AH136: 200 | AI136: =MAX(0,AG136*AH136) -> 0 | AJ136: =MAX(0,AC136-AB136) -> 0 | AK136: 2 | AL136: =MAX(0,AJ136-AK136) -> 0 | AM136: 200 | AN136: =MAX(0,AL136*AM136) -> 0 | AP136: =AO136+AN136+AI136 -> 0
A137: =ROW()-3 -> 134 | B137: 1B | C137: T935CAS | D137: T118BFS-T408DTF | E137: DANIFRED F DEDU | F137: LIKASI /SICODEX | G137: CFS VINGUNGUTI | H137: 28 | I137: 35000 | J137: 35070 | K137: AN-HDAN | L137: 45890 | M137: ESL | N137: BC Raeda | O137: 45881 | P137: 45907 | Q137: 45892 | R137: 46001 | AD137: Loaded Waiting release | AE137: =MAX(0,Y137-X137) -> 0 | AF137: 7 | AG137: =MAX(0,AE137-AF137) -> 0 | AH137: 200 | AI137: =MAX(0,AG137*AH137) -> 0 | AJ137: =MAX(0,AC137-AB137) -> 0 | AK137: 2 | AL137: =MAX(0,AJ137-AK137) -> 0 | AM137: 200 | AN137: =MAX(0,AL137*AM137) -> 0 | AP137: =AO137+AN137+AI137 -> 0
A138: =ROW()-3 -> 135 | B138: 1B | C138: T883ECV | D138: T514AUU | E138: DAN JOHN NGWETA | F138: LIKASI /SICODEX | G138: CFS VINGUNGUTI | H138: 29 | I138: 36250 | J138: 36323 | K138: AN-HDAN | L138: 45890 | M138: ESL | N138: BC Raeda | O138: 45881 | P138: 45907 | Q138: 45892 | R138: 46001 | AD138: Loaded Waiting release | AE138: =MAX(0,Y138-X138) -> 0 | AF138: 7 | AG138: =MAX(0,AE138-AF138) -> 0 | AH138: 200 | AI138: =MAX(0,AG138*AH138) -> 0 | AJ138: =MAX(0,AC138-AB138) -> 0 | AK138: 2 | AL138: =MAX(0,AJ138-AK138) -> 0 | AM138: 200 | AN138: =MAX(0,AL138*AM138) -> 0 | AP138: =AO138+AN138+AI138 -> 0
A139: =ROW()-3 -> 136 | B139: 1B | C139: T927EGG | D139: T101DXM-T105DXM | E139: HAMAD JUMA OMARI | F139: LIKASI /SICODEX | G139: CFS VINGUNGUTI | H139: 29 | I139: 36250 | J139: 36323 | K139: AN-HDAN | L139: 45890 | M139: ESL | N139: BC Raeda | O139: 45881 | P139: 45907 | Q139: 45892 | R139: 46002 | AD139: Loaded Waiting release | AE139: =MAX(0,Y139-X139) -> 0 | AF139: 7 | AG139: =MAX(0,AE139-AF139) -> 0 | AH139: 200 | AI139: =MAX(0,AG139*AH139) -> 0 | AJ139: =MAX(0,AC139-AB139) -> 0 | AK139: 2 | AL139: =MAX(0,AJ139-AK139) -> 0 | AM139: 200 | AN139: =MAX(0,AL139*AM139) -> 0 | AP139: =AO139+AN139+AI139 -> 0
A140: =ROW()-3 -> 137 | B140: 1B | C140: T167EES | D140: T118DXM-T119DXM | E140: SHABANI RAMADHANI IDDI | F140: LIKASI /SICODEX | G140: CFS VINGUNGUTI | H140: 28 | I140: 35000 | J140: 35070 | K140: AN-HDAN | L140: 45890 | M140: ESL | N140: BC Raeda | O140: 45881 | P140: 45907 | Q140: 45892 | R140: 46002 | AD140: Loaded Waiting release | AE140: =MAX(0,Y140-X140) -> 0 | AF140: 7 | AG140: =MAX(0,AE140-AF140) -> 0 | AH140: 200 | AI140: =MAX(0,AG140*AH140) -> 0 | AJ140: =MAX(0,AC140-AB140) -> 0 | AK140: 2 | AL140: =MAX(0,AJ140-AK140) -> 0 | AM140: 200 | AN140: =MAX(0,AL140*AM140) -> 0 | AP140: =AO140+AN140+AI140 -> 0
A141: =ROW()-3 -> 138 | B141: 1B | C141: T451EFR | D141: T490ELF-T208EMP | E141: SAID MOHAMED KHALFANI | F141: LIKASI /SICODEX | G141: CFS VINGUNGUTI | H141: 28 | I141: 35000 | J141: 35070 | K141: AN-HDAN | L141: 45890 | M141: ESL | N141: BC Raeda | O141: 45881 | P141: 45907 | Q141: 45892 | R141: 46002 | AD141: Loaded Waiting release | AE141: =MAX(0,Y141-X141) -> 0 | AF141: 7 | AG141: =MAX(0,AE141-AF141) -> 0 | AH141: 200 | AI141: =MAX(0,AG141*AH141) -> 0 | AJ141: =MAX(0,AC141-AB141) -> 0 | AK141: 2 | AL141: =MAX(0,AJ141-AK141) -> 0 | AM141: 200 | AN141: =MAX(0,AL141*AM141) -> 0 | AP141: =AO141+AN141+AI141 -> 0
A142: =ROW()-3 -> 139 | B142: 1B | C142: T375EFR | D142: T236EFX-T407EFX | E142: CLOFAC FAUSTIN MALIMA | F142: LIKASI /SICODEX | G142: CFS VINGUNGUTI | H142: 28 | I142: 35000 | J142: 35070 | K142: AN-HDAN | L142: 45890 | M142: ESL | N142: BC Raeda | O142: 45881 | P142: 45907 | Q142: 45892 | R142: 46002 | AD142: Loaded Waiting release | AE142: =MAX(0,Y142-X142) -> 0 | AF142: 7 | AG142: =MAX(0,AE142-AF142) -> 0 | AH142: 200 | AI142: =MAX(0,AG142*AH142) -> 0 | AJ142: =MAX(0,AC142-AB142) -> 0 | AK142: 2 | AL142: =MAX(0,AJ142-AK142) -> 0 | AM142: 200 | AN142: =MAX(0,AL142*AM142) -> 0 | AP142: =AO142+AN142+AI142 -> 0
A143: =ROW()-3 -> 140 | B143: 1B | C143: T196DYR | D143: T548CTF-T996DWJ | E143: RAMADHAN MASOUD JAHADI | F143: LIKASI /SICODEX | G143: CFS VINGUNGUTI | H143: 28 | I143: 35000 | J143: 35070 | K143: AN-HDAN | L143: 45890 | M143: ESL | N143: BC Raeda | O143: 45881 | P143: 45907 | Q143: 45892 | R143: 46002 | AD143: Loaded Waiting release | AE143: =MAX(0,Y143-X143) -> 0 | AF143: 7 | AG143: =MAX(0,AE143-AF143) -> 0 | AH143: 200 | AI143: =MAX(0,AG143*AH143) -> 0 | AJ143: =MAX(0,AC143-AB143) -> 0 | AK143: 2 | AL143: =MAX(0,AJ143-AK143) -> 0 | AM143: 200 | AN143: =MAX(0,AL143*AM143) -> 0 | AP143: =AO143+AN143+AI143 -> 0
A144: =ROW()-3 -> 141 | B144: 1B | C144: T870DRL | D144: T398DRY | E144: GODFREY ALPHONCE PHILIPO | F144: LIKASI /SICODEX | G144: CFS VINGUNGUTI | H144: 29 | I144: 36250 | J144: 36323 | K144: AN-HDAN | L144: 45890 | M144: ESL | N144: BC Raeda | O144: 45881 | P144: 45907 | Q144: 45892 | R144: 46002 | AD144: Loaded Waiting release | AE144: =MAX(0,Y144-X144) -> 0 | AF144: 7 | AG144: =MAX(0,AE144-AF144) -> 0 | AH144: 200 | AI144: =MAX(0,AG144*AH144) -> 0 | AJ144: =MAX(0,AC144-AB144) -> 0 | AK144: 2 | AL144: =MAX(0,AJ144-AK144) -> 0 | AM144: 200 | AN144: =MAX(0,AL144*AM144) -> 0 | AP144: =AO144+AN144+AI144 -> 0
A145: =ROW()-3 -> 142 | B145: 1B | C145: T186EES | D145: T682BAK-T416EFH | E145: BOAZI NGAIMISI BAKILA | F145: LIKASI /SICODEX | G145: CFS VINGUNGUTI | H145: 28 | I145: 35000 | J145: 35070 | K145: AN-HDAN | L145: 45890 | M145: ESL | N145: BC Raeda | O145: 45881 | P145: 45907 | Q145: 45892 | R145: 46002 | AD145: Loaded Waiting release | AE145: =MAX(0,Y145-X145) -> 0 | AF145: 7 | AG145: =MAX(0,AE145-AF145) -> 0 | AH145: 200 | AI145: =MAX(0,AG145*AH145) -> 0 | AJ145: =MAX(0,AC145-AB145) -> 0 | AK145: 2 | AL145: =MAX(0,AJ145-AK145) -> 0 | AM145: 200 | AN145: =MAX(0,AL145*AM145) -> 0 | AP145: =AO145+AN145+AI145 -> 0
A146: =ROW()-3 -> 143 | B146: 1B | C146: T364EFR | D146: T492ELF-T257EMP | E146: ABUBAKARI SHABANI ABDALLAH | F146: LIKASI /SICODEX | G146: CFS VINGUNGUTI | H146: 28 | I146: 35000 | J146: 35070 | K146: AN-HDAN | L146: 45890 | M146: ESL | N146: BC Raeda | O146: 45881 | P146: 45907 | Q146: 45892 | R146: 46002 | AD146: Loaded Waiting release | AE146: =MAX(0,Y146-X146) -> 0 | AF146: 7 | AG146: =MAX(0,AE146-AF146) -> 0 | AH146: 200 | AI146: =MAX(0,AG146*AH146) -> 0 | AJ146: =MAX(0,AC146-AB146) -> 0 | AK146: 2 | AL146: =MAX(0,AJ146-AK146) -> 0 | AM146: 200 | AN146: =MAX(0,AL146*AM146) -> 0 | AP146: =AO146+AN146+AI146 -> 0
A147: =ROW()-3 -> 144 | B147: 1B | C147: T180EES | D147: T521AUU-T117DUG | E147: ELIAKIMU LEONARDI STEVEN | F147: LIKASI /SICODEX | G147: CFS VINGUNGUTI | H147: 28 | I147: 35000 | J147: 35070 | K147: AN-HDAN | L147: 45890 | M147: ESL | N147: BC Raeda | O147: 45881 | P147: 45907 | Q147: 45892 | R147: 46002 | AD147: Loaded Waiting release | AE147: =MAX(0,Y147-X147) -> 0 | AF147: 7 | AG147: =MAX(0,AE147-AF147) -> 0 | AH147: 200 | AI147: =MAX(0,AG147*AH147) -> 0 | AJ147: =MAX(0,AC147-AB147) -> 0 | AK147: 2 | AL147: =MAX(0,AJ147-AK147) -> 0 | AM147: 200 | AN147: =MAX(0,AL147*AM147) -> 0 | AP147: =AO147+AN147+AI147 -> 0
A148: =ROW()-3 -> 145 | B148: 1A | C148: T514BXN | D148: T863CBB-T513EFH | E148: GODWIN KOSAM SAMPAMBA | F148: LIKASI /SICODEX | G148: CFS VINGUNGUTI | H148: 28 | I148: 35000 | J148: 35070 | K148: AN-HDAN | L148: 45890 | M148: ESL | N148: BC Raeda | O148: 45881 | P148: 45907 | Q148: 45892 | R148: 46001 | AD148: Loaded Waiting release | AE148: =MAX(0,Y148-X148) -> 0 | AF148: 7 | AG148: =MAX(0,AE148-AF148) -> 0 | AH148: 200 | AI148: =MAX(0,AG148*AH148) -> 0 | AJ148: =MAX(0,AC148-AB148) -> 0 | AK148: 2 | AL148: =MAX(0,AJ148-AK148) -> 0 | AM148: 200 | AN148: =MAX(0,AL148*AM148) -> 0 | AP148: =AO148+AN148+AI148 -> 0
... A159: =ROW()-3 -> 156 | B159: 1A | C159: T676BXN | D159: T156BZX-T537EFH | E159: PRINCHIPATUS ALLY FUNGAMEZA | F159: LIKASI /SICODEX | G159: CFS VINGUNGUTI | H159: 28 | I159: 35000 | J159: 35070 | K159: AN-HDAN | L159: 45890 | M159: ESL | N159: BC Raeda | O159: 45881 | P159: 45907 | Q159: 45892 | R159: 46002 | AD159: Loaded Waiting release | AE159: =MAX(0,Y159-X159) -> 0 | AF159: 7 | AG159: =MAX(0,AE159-AF159) -> 0 | AH159: 200 | AI159: =MAX(0,AG159*AH159) -> 0 | AJ159: =MAX(0,AC159-AB159) -> 0 | AK159: 2 | AL159: =MAX(0,AJ159-AK159) -> 0 | AM159: 200 | AN159: =MAX(0,AL159*AM159) -> 0 | AP159: =AO159+AN159+AI159 -> 0
A160: =ROW()-3 -> 157 | B160: 1A | C160: T628DPW | D160: T977ASG | E160: MARTIN HERI NGOCHELO | F160: LIKASI /SICODEX | G160: MBALA TZ | H160: 24 | I160: 30000 | J160: 30084 | K160: AN-HDAN | L160: 45890 | M160: ESL | N160: BC Raeda | O160: 45881 | P160: 45907 | Q160: 45892 | R160: 46004 | S160: 46005 | AD160: In Transit | AE160: =MAX(0,Y160-X160) -> 0 | AF160: 7 | AG160: =MAX(0,AE160-AF160) -> 0 | AH160: 200 | AI160: =MAX(0,AG160*AH160) -> 0 | AJ160: =MAX(0,AC160-AB160) -> 0 | AK160: 2 | AL160: =MAX(0,AJ160-AK160) -> 0 | AM160: 200 | AN160: =MAX(0,AL160*AM160) -> 0 | AP160: =AO160+AN160+AI160 -> 0
A161: =ROW()-3 -> 158 | B161: 1A | C161: T477DZH | D161: T334EBBT566EBB | E161: JUMA FESTO PHINIAS | F161: LIKASI /SICODEX | G161: CFS VINGUNGUTI | H161: 28 | I161: 35000 | J161: 35070 | K161: AN-HDAN | L161: 45890 | M161: ESL | N161: BC Raeda | O161: 45881 | P161: 45907 | Q161: 45892 | R161: 46002 | AD161: Loaded Waiting release | AE161: =MAX(0,Y161-X161) -> 0 | AF161: 7 | AG161: =MAX(0,AE161-AF161) -> 0 | AH161: 200 | AI161: =MAX(0,AG161*AH161) -> 0 | AJ161: =MAX(0,AC161-AB161) -> 0 | AK161: 2 | AL161: =MAX(0,AJ161-AK161) -> 0 | AM161: 200 | AN161: =MAX(0,AL161*AM161) -> 0 | AP161: =AO161+AN161+AI161 -> 0
A162: =ROW()-3 -> 159 | B162: 1A | C162: T400DZH | D162: T502BWD-T289EMP | E162: JERRY KALEB MAZENGO | F162: LIKASI /SICODEX | G162: CFS VINGUNGUTI | H162: 28 | I162: 35000 | J162: 35070 | K162: AN-HDAN | L162: 45890 | M162: ESL | N162: BC Raeda | O162: 45881 | P162: 45907 | Q162: 45892 | R162: 46002 | AD162: Loaded Waiting release | AE162: =MAX(0,Y162-X162) -> 0 | AF162: 7 | AG162: =MAX(0,AE162-AF162) -> 0 | AH162: 200 | AI162: =MAX(0,AG162*AH162) -> 0 | AJ162: =MAX(0,AC162-AB162) -> 0 | AK162: 2 | AL162: =MAX(0,AJ162-AK162) -> 0 | AM162: 200 | AN162: =MAX(0,AL162*AM162) -> 0 | AP162: =AO162+AN162+AI162 -> 0
A163: =ROW()-3 -> 160 | B163: 1A | C163: T340DWZ | D163: T112DXM-T113DXM | E163: DAVID JOSEPH MALIMI | F163: LIKASI /SICODEX | G163: CFS VINGUNGUTI | H163: 29 | I163: 35000 | J163: 35070 | K163: AN-HDAN | L163: 45890 | M163: ESL | N163: BC Raeda | O163: 45881 | P163: 45907 | Q163: 45892 | R163: 46002 | AD163: Loaded Waiting release | AE163: =MAX(0,Y163-X163) -> 0 | AF163: 7 | AG163: =MAX(0,AE163-AF163) -> 0 | AH163: 200 | AI163: =MAX(0,AG163*AH163) -> 0 | AJ163: =MAX(0,AC163-AB163) -> 0 | AK163: 2 | AL163: =MAX(0,AJ163-AK163) -> 0 | AM163: 200 | AN163: =MAX(0,AL163*AM163) -> 0 | AP163: =AO163+AN163+AI163 -> 0
A164: =ROW()-3 -> 161 | B164: 1A | C164: T203DYR | D164: T772AHL-T948DWJ | E164: CHESKO CHUMILA NGWETA | F164: LIKASI /SICODEX | G164: CFS VINGUNGUTI | H164: 28 | I164: 35000 | J164: 35070 | K164: AN-HDAN | L164: 45890 | M164: ESL | N164: BC Raeda | O164: 45881 | P164: 45907 | Q164: 45892 | R164: 46002 | AD164: Loaded Waiting release | AE164: =MAX(0,Y164-X164) -> 0 | AF164: 7 | AG164: =MAX(0,AE164-AF164) -> 0 | AH164: 200 | AI164: =MAX(0,AG164*AH164) -> 0 | AJ164: =MAX(0,AC164-AB164) -> 0 | AK164: 2 | AL164: =MAX(0,AJ164-AK164) -> 0 | AM164: 200 | AN164: =MAX(0,AL164*AM164) -> 0 | AP164: =AO164+AN164+AI164 -> 0
A165: =ROW()-3 -> 162 | B165: 1A | C165: T869DRL | D165: T396DRY | E165: WILSON REVERIANI NGAIZA | F165: LIKASI /SICODEX | G165: CFS VINGUNGUTI | H165: 29 | I165: 36323 | J165: 56000 | K165: AN-HDAN | L165: 45890 | M165: ESL | N165: BC Raeda | O165: 45881 | P165: 45907 | Q165: 45892 | R165: 45999 | AD165: Loaded Waiting release | AE165: =MAX(0,Y165-X165) -> 0 | AF165: 7 | AG165: =MAX(0,AE165-AF165) -> 0 | AH165: 200 | AI165: =MAX(0,AG165*AH165) -> 0 | AJ165: =MAX(0,AC165-AB165) -> 0 | AK165: 2 | AL165: =MAX(0,AJ165-AK165) -> 0 | AM165: 200 | AN165: =MAX(0,AL165*AM165) -> 0 | AP165: =AO165+AN165+AI165 -> 0
A166: =ROW()-3 -> 163 | B166: 1A | C166: T465DZH | D166: T341EBB-T563EBB | E166: JUMA HAMISI BUNGARA | F166: LIKASI /SICODEX | G166: CFS VINGUNGUTI | H166: 29 | I166: 36323 | J166: 56000 | K166: AN-HDAN | L166: 45890 | M166: ESL | N166: BC Raeda | O166: 45881 | P166: 45907 | Q166: 45892 | R166: 45999 | AD166: Loaded Waiting release | AE166: =MAX(0,Y166-X166) -> 0 | AF166: 7 | AG166: =MAX(0,AE166-AF166) -> 0 | AH166: 200 | AI166: =MAX(0,AG166*AH166) -> 0 | AJ166: =MAX(0,AC166-AB166) -> 0 | AK166: 2 | AL166: =MAX(0,AJ166-AK166) -> 0 | AM166: 200 | AN166: =MAX(0,AL166*AM166) -> 0 | AP166: =AO166+AN166+AI166 -> 0
A167: =ROW()-3 -> 164 | B167: 1A | C167: T234DNF | D167: T763CVC-T959DWJ | E167: RAMADHAN SALUM BEHO | F167: LIKASI /SICODEX | G167: CFS VINGUNGUTI | H167: 28 | I167: 35070 | J167: 56000 | K167: AN-HDAN | L167: 45890 | M167: ESL | N167: BC Raeda | O167: 45881 | P167: 45907 | Q167: 45892 | R167: 45999 | AD167: Loaded Waiting release | AE167: =MAX(0,Y167-X167) -> 0 | AF167: 7 | AG167: =MAX(0,AE167-AF167) -> 0 | AH167: 200 | AI167: =MAX(0,AG167*AH167) -> 0 | AJ167: =MAX(0,AC167-AB167) -> 0 | AK167: 2 | AL167: =MAX(0,AJ167-AK167) -> 0 | AM167: 200 | AN167: =MAX(0,AL167*AM167) -> 0 | AP167: =AO167+AN167+AI167 -> 0
A168: =ROW()-3 -> 165 | B168: 1A | C168: T867EBS | D168: T961EBC-T558EBB | E168: PASTORY MZUMARI CHARLES | F168: LIKASI /SICODEX | G168: CFS VINGUNGUTI | H168: 28 | I168: 35070 | J168: 56000 | K168: AN-HDAN | L168: 45890 | M168: ESL | N168: BC Raeda | O168: 45881 | P168: 45907 | Q168: 45892 | R168: 45999 | AD168: Loaded Waiting release | AE168: =MAX(0,Y168-X168) -> 0 | AF168: 7 | AG168: =MAX(0,AE168-AF168) -> 0 | AH168: 200 | AI168: =MAX(0,AG168*AH168) -> 0 | AJ168: =MAX(0,AC168-AB168) -> 0 | AK168: 2 | AL168: =MAX(0,AJ168-AK168) -> 0 | AM168: 200 | AN168: =MAX(0,AL168*AM168) -> 0 | AP168: =AO168+AN168+AI168 -> 0
A169: =ROW()-3 -> 166 | B169: 1A | C169: T785CCY | D169: T768CVC-T261EMP | E169: MAGANGA MAYUNGA KAJALA | F169: LIKASI /SICODEX | G169: CFS VINGUNGUTI | H169: 28 | I169: 35070 | J169: 56000 | K169: AN-HDAN | L169: 45890 | M169: ESL | N169: BC Raeda | O169: 45881 | P169: 45907 | Q169: 45892 | R169: 45999 | AD169: Loaded Waiting release | AE169: =MAX(0,Y169-X169) -> 0 | AF169: 7 | AG169: =MAX(0,AE169-AF169) -> 0 | AH169: 200 | AI169: =MAX(0,AG169*AH169) -> 0 | AJ169: =MAX(0,AC169-AB169) -> 0 | AK169: 2 | AL169: =MAX(0,AJ169-AK169) -> 0 | AM169: 200 | AN169: =MAX(0,AL169*AM169) -> 0 | AP169: =AO169+AN169+AI169 -> 0
A170: =ROW()-3 -> 167 | B170: 1A | C170: T879EBS | D170: T969EBC-T548EBB | E170: DENIS MWEMEZI THOMAS | F170: LIKASI /SICODEX | G170: CFS VINGUNGUTI | H170: 29 | I170: 36323 | J170: 56000 | K170: AN-HDAN | L170: 45890 | M170: ESL | N170: BC Raeda | O170: 45881 | P170: 45907 | Q170: 45892 | R170: 45999 | AD170: Loaded Waiting release | AE170: =MAX(0,Y170-X170) -> 0 | AF170: 7 | AG170: =MAX(0,AE170-AF170) -> 0 | AH170: 200 | AI170: =MAX(0,AG170*AH170) -> 0 | AJ170: =MAX(0,AC170-AB170) -> 0 | AK170: 2 | AL170: =MAX(0,AJ170-AK170) -> 0 | AM170: 200 | AN170: =MAX(0,AL170*AM170) -> 0 | AP170: =AO170+AN170+AI170 -> 0
A171: =ROW()-3 -> 168 | B171: 1A | C171: T661BZY | D171: T464CRA-T696EFH | E171: MASOUD SHAMTE LUNGUSA | F171: LIKASI /SICODEX | G171: CFS VINGUNGUTI | H171: 28 | I171: 35070 | J171: 56000 | K171: AN-HDAN | L171: 45890 | M171: ESL | N171: BC Raeda | O171: 45881 | P171: 45907 | Q171: 45892 | R171: 45999 | AD171: Loaded Waiting release | AE171: =MAX(0,Y171-X171) -> 0 | AF171: 7 | AG171: =MAX(0,AE171-AF171) -> 0 | AH171: 200 | AI171: =MAX(0,AG171*AH171) -> 0 | AJ171: =MAX(0,AC171-AB171) -> 0 | AK171: 2 | AL171: =MAX(0,AJ171-AK171) -> 0 | AM171: 200 | AN171: =MAX(0,AL171*AM171) -> 0 | AP171: =AO171+AN171+AI171 -> 0
A172: =ROW()-3 -> 169 | B172: 1A | C172: T448EFR | D172: T225EFX-T399EFX | E172: MOHAMED ALLY MOHAMED | F172: LIKASI /SICODEX | G172: CFS VINGUNGUTI | H172: 28 | I172: 35070 | J172: 56000 | K172: AN-HDAN | L172: 45890 | M172: ESL | N172: BC Raeda | O172: 45881 | P172: 45907 | Q172: 45892 | R172: 45999 | AD172: Loaded Waiting release | AE172: =MAX(0,Y172-X172) -> 0 | AF172: 7 | AG172: =MAX(0,AE172-AF172) -> 0 | AH172: 200 | AI172: =MAX(0,AG172*AH172) -> 0 | AJ172: =MAX(0,AC172-AB172) -> 0 | AK172: 2 | AL172: =MAX(0,AJ172-AK172) -> 0 | AM172: 200 | AN172: =MAX(0,AL172*AM172) -> 0 | AP172: =AO172+AN172+AI172 -> 0
... A212: =ROW()-3 -> 209 | B212: 1A | C212: T879CQL | D212: T375CRT-T426EFH | E212: JOHN PAULO MZALIFU | F212: PUMPI | G212: CFS VINGUNGUTI | H212: 28 | I212: 35000 | J212: 35070 | K212: AN-HDAN | L212: 45890 | M212: ESL | N212: BC Raeda | O212: 45881 | P212: 45907 | Q212: 45892 | R212: 45990 | AD212: Loaded Waiting release | AE212: =MAX(0,Y212-X212) -> 0 | AF212: 7 | AG212: =MAX(0,AE212-AF212) -> 0 | AH212: 200 | AI212: =MAX(0,AG212*AH212) -> 0 | AJ212: =MAX(0,AC212-AB212) -> 0 | AK212: 2 | AL212: =MAX(0,AJ212-AK212) -> 0 | AM212: 200 | AN212: =MAX(0,AL212*AM212) -> 0 | AP212: =AO212+AN212+AI212 -> 0
A213: =ROW()-3 -> 210 | B213: 1A | C213: T327DWZ | D213: T208DSK | E213: JUMA KHALFANI SEMINDU | F213: PUMPI | G213: AT DESTINATION | H213: 29 | I213: 36250 | J213: 36323 | K213: HDAN | L213: 45890 | M213: ESL | N213: BC Raeda | O213: 45881 | P213: 45907 | Q213: 45892 | R213: 45957 | S213: 45966 | T213: 45985 | U213: 45987 | V213: 45987 | W213: 45987 | X213: 45987 | Y213: 45990 | Z213: 45990 | AA213: 45992 | AB213: 45992 | AD213: Waiting to offload | AE213: =MAX(0,X213-U213) -> 0 | AF213: 7 | AG213: =MAX(0,AE213-AF213) -> 0 | AH213: 200 | AI213: =MAX(0,AG213*AH213) -> 0 | AJ213: =MAX(0,AB213-AA213) -> 0 | AK213: 2 | AL213: =MAX(0,AJ213-AK213) -> 0 | AM213: 200 | AN213: =MAX(0,AL213*AM213) -> 0 | AP213: =AO213+AN213+AI213 -> 0
...

Sheet BL-1A-Pumpi
A1: DAILY TRACKING REPORT - FORWARDING | E1: =TODAY() -> 46045 | F1: BC RAEDA | G1: H-DAN | H1: 3992 | I1: 4990 | J1: 5003.991 | M1: GT OCEAN TRANSPORTATION LIMITED | T1: GT OCEAN TRANSPORTATION LIMITED | AB1: GT OCEAN TRANSPORTATION LIMITED | AN1: Total Amount
A2: 序号 | B2: 提单号 | C2: 卡车牌号 | D2: 拖车牌号 | E2: 司机姓名 | F2: 目的地 | G2: 当前位置 | H2: 吨袋/bags | I2: 净重/N.W. | J2: 毛重/G.W. | L2: 文件接收 | M2: 船司 | N2: 船名 | O2: 预计抵港 | P2: 实际靠泊 | Q2: 船司放行 | R2: 装运时间 | S2: 起运时间 | T2: 到达TUNDUMA | U2: NAKONDE出发 | V2: 到达卡松ZAMBIA | W2: 卡松ZAMBIA出发 | X2: 到达卡松DRC | Y2: 卡松出发DRC | AB2: 到达目的地 | AC2: 卸货时间 | AD2: 备注 | AE2: Border Delays | AI2: =SUM(AI38:AI56) -> 0 | AJ2: Offloading Delays | AN2: =SUM(AN38:AN56) -> 0 | AO2: =SUM(AO38:AO56) -> 0 | AP2: =SUM(AI2:AO2) -> 0
A3: No. | B3: B/L No. | C3: TRUCK NUMBER | D3: TRAILER NUMBER | E3: DRIVER NAME | F3: FINAL DESTINATION | G3: TRUCK POSITION | H3: =SUM(H4:H56) -> 1499 | I3: =SUM(I4:I56)/1000 -> 1871.603 | J3: =SUM(J4:J56)/1000 -> 1978.453 | K3: HDAN | L3: DOCUMENTS RECEIVED | M3: SHIPPING LINE | N3: VESSEL | O3: ETA | P3: ATB | Q3: LINE RELEASE | R3: DATE LOADED | S3: DISPATCH DATE | T3: ARRIVED TUNDUMA BORDER | U3: DEPARTED NAKONDE | V3: K-LESA ZAMBIA ARRIVED | W3: K-LESA ZAMBIA DEPARTED | X3: K-LESA DRC ARRIVED | Y3: K-LESA DRC DEPARTED | Z3: L-MBASHI ARRIVED | AA3: DEPARTED L-MBASHI | AB3: ARRIVED DESTINATION | AC3: OFFLOADED | AD3: COMMENTS | AE3: Border Days | AF3: Free days | AG3: Chargable Days | AH3: Chargable Rate | AI3: Border Delays Amt | AJ3: Offloading Days | AK3: Free days | AL3: Chargable Days | AM3: Chargable Rate | AN3: Offloading Delays Amt | AO3: Parking Charges Amount | AP3: TOTAL
A4: =ROW()-3 -> 1 | B4: 1A | C4: T327CFY | D4: T411BJE-T538EFH | E4: STEVEN LUCAS MBANGA | F4: PUMPI | G4: FUNGURUME DRC | H4: 28 | I4: 35000 | J4: 35070 | K4: AN-HDAN | L4: 45890 | M4: ESL | N4: BC Raeda | O4: 45881 | P4: 45907 | Q4: 45892 | R4: 45990 | S4: 45992 | T4: 46013 | U4: 46015 | V4: 46029 | W4: 46029 | X4: 46029 | Y4: 46036 | Z4: 46037 | AA4: 46037 | AD4: In Transit | AE4: =MAX(0,Y4-X4) -> 7 | AF4: 7 | AG4: =MAX(0,AE4-AF4) -> 0 | AH4: 200 | AI4: =MAX(0,AG4*AH4) -> 0 | AJ4: =MAX(0,AC4-AB4) -> 0 | AK4: 2 | AL4: =MAX(0,AJ4-AK4) -> 0 | AM4: 200 | AN4: =MAX(0,AL4*AM4) -> 0 | AP4: =AO4+AN4+AI4 -> 0
A5: =ROW()-3 -> 2 | B5: 1A | C5: T940DEY | D5: T320DGN | E5: SAID JUMA NASSOR | F5: PUMPI | G5: OFFLOADED | H5: 29 | I5: 36250 | J5: 36323 | K5: AN-HDAN | L5: 45890 | M5: ESL | N5: BC Raeda | O5: 45881 | P5: 45907 | Q5: 45892 | R5: 45992 | S5: 45995 | T5: 46007 | U5: 46013 | V5: 46017 | W5: 46017 | X5: 46017 | Y5: 46022 | Z5: 46023 | AA5: 46023 | AB5: 46023 | AC5: 46024 | AD5: COMPLETED | AE5: =MAX(0,Y5-X5) -> 5 | AF5: 7 | AG5: =MAX(0,AE5-AF5) -> 0 | AH5: 200 | AI5: =MAX(0,AG5*AH5) -> 0 | AJ5: =MAX(0,AC5-AB5) -> 1 | AK5: 2 | AL5: =MAX(0,AJ5-AK5) -> 0 | AM5: 200 | AN5: =MAX(0,AL5*AM5) -> 0 | AP5: =AO5+AN5+AI5 -> 0
A6: =ROW()-3 -> 3 | B6: 1A | C6: T892ECV | D6: T699CKC | E6: PAUL STEVEN SIANGA | F6: PUMPI | G6: OFFLOADED | H6: 28 | I6: 35000 | J6: 35070 | K6: AN-HDAN | L6: 45890 | M6: ESL | N6: BC Raeda | O6: 45881 | P6: 45907 | Q6: 45892 | R6: 45990 | S6: 45994 | T6: 45998 | U6: 46013 | V6: 46016 | W6: 46016 | X6: 46016 | Y6: 46021 | Z6: 46021 | AA6: 46021 | AB6: 46022 | AC6: 46024 | AD6: COMPLETED | AE6: =MAX(0,Y6-X6) -> 5 | AF6: 7 | AG6: =MAX(0,AE6-AF6) -> 0 | AH6: 200 | AI6: =MAX(0,AG6*AH6) -> 0 | AJ6: =MAX(0,AC6-AB6) -> 2 | AK6: 2 | AL6: =MAX(0,AJ6-AK6) -> 0 | AM6: 200 | AN6: =MAX(0,AL6*AM6) -> 0 | AO6: 0 | AP6: =AO6+AN6+AI6 -> 0
A7: =ROW()-3 -> 4 | B7: 1A | C7: T858DVK | D7: T536BWU | E7: ABDALLAH OMARY MNONJI | F7: PUMPI | G7: OFFLOADED | H7: 29 | I7: 36250 | J7: 36323 | K7: AN-HDAN | L7: 45890 | M7: ESL | N7: BC Raeda | O7: 45881 | P7: 45907 | Q7: 45892 | R7: 45992 | S7: 45995 | T7: 45999 | U7: 46006 | V7: 46011 | W7: 46011 | X7: 46011 | Y7: 46013 | Z7: 46014 | AA7: 46014 | AB7: 46014 | AC7: 46017 | AD7: COMPLETED | AE7: =MAX(0,Y7-X7) -> 2 | AF7: 7 | AG7: =MAX(0,AE7-AF7) -> 0 | AH7: 200 | AI7: =MAX(0,AG7*AH7) -> 0 | AJ7: =MAX(0,AC7-AB7) -> 3 | AK7: 2 | AL7: =MAX(0,AJ7-AK7) -> 1 | AM7: 200 | AN7: =MAX(0,AL7*AM7) -> 200 | AP7: =AO7+AN7+AI7 -> 200
A8: =ROW()-3 -> 5 | B8: 1A | C8: T139EES | D8: T454CBM-T290EMP | E8: RAMADHANI OMARY MNONJI | F8: PUMPI | G8: OFFLOADED | H8: 28 | I8: 35000 | J8: 35070 | K8: AN-HDAN | L8: 45890 | M8: ESL | N8: BC Raeda | O8: 45881 | P8: 45907 | Q8: 45892 | R8: 45990 | S8: 45994 | T8: 45998 | U8: 46007 | V8: 46011 | W8: 46011 | X8: 46011 | Y8: 46013 | Z8: 46014 | AA8: 46014 | AB8: 46014 | AC8: 46017 | AD8: COMPLETED | AE8: =MAX(0,Y8-X8) -> 2 | AF8: 7 | AG8: =MAX(0,AE8-AF8) -> 0 | AH8: 200 | AI8: =MAX(0,AG8*AH8) -> 0 | AJ8: =MAX(0,AC8-AB8) -> 3 | AK8: 2 | AL8: =MAX(0,AJ8-AK8) -> 1 | AM8: 200 | AN8: =MAX(0,AL8*AM8) -> 200 | AP8: =AO8+AN8+AI8 -> 200
A9: =ROW()-3 -> 6 | B9: 1A | C9: T328DWZ | D9: T390ALY | E9: VICTOR ANDREY MWAKALONGE | F9: PUMPI | G9: OFFLOADED | H9: 28 | I9: 35000 | J9: 35070 | K9: AN-HDAN | L9: 45890 | M9: ESL | N9: BC Raeda | O9: 45881 | P9: 45907 | Q9: 45892 | R9: 45990 | S9: 45994 | T9: 45998 | U9: 46006 | V9: 46010 | W9: 46010 | X9: 46010 | Y9: 46013 | Z9: 46014 | AA9: 46014 | AB9: 46014 | AC9: 46017 | AD9: COMPLETED | AE9: =MAX(0,Y9-X9) -> 3 | AF9: 7 | AG9: =MAX(0,AE9-AF9) -> 0 | AH9: 200 | AI9: =MAX(0,AG9*AH9) -> 0 | AJ9: =MAX(0,AC9-AB9) -> 3 | AK9: 2 | AL9: =MAX(0,AJ9-AK9) -> 1 | AM9: 200 | AN9: =MAX(0,AL9*AM9) -> 200 | AP9: =AO9+AN9+AI9 -> 200
A10: =ROW()-3 -> 7 | B10: 1A | C10: T337DWZ | D10: T900CBB-T134DUG | E10: MSINDU JUMA SALUM | F10: PUMPI | G10: OFFLOADED | H10: 28 | I10: 35000 | J10: 35070 | K10: AN-HDAN | L10: 45890 | M10: ESL | N10: BC Raeda | O10: 45881 | P10: 45907 | Q10: 45892 | R10: 45990 | S10: 45994 | T10: 45998 | U10: 46006 | V10: 46011 | W10: 46011 | X10: 46011 | Y10: 46013 | Z10: 46014 | AA10: 46014 | AB10: 46014 | AC10: 46017 | AD10: COMPLETED | AE10: =MAX(0,Y10-X10) -> 2 | AF10: 7 | AG10: =MAX(0,AE10-AF10) -> 0 | AH10: 200 | AI10: =MAX(0,AG10*AH10) -> 0 | AJ10: =MAX(0,AC10-AB10) -> 3 | AK10: 2 | AL10: =MAX(0,AJ10-AK10) -> 1 | AM10: 200 | AN10: =MAX(0,AL10*AM10) -> 200 | AO10: 0 | AP10: =AO10+AN10+AI10 -> 200
A11: =ROW()-3 -> 8 | B11: 1A | C11: T173EES | D11: T224DQD-T501DQD | E11: MAHMOUD AHMED MAYMUN | F11: PUMPI | G11: OFFLOADED | H11: 28 | I11: 35000 | J11: 35070 | K11: AN-HDAN | L11: 45890 | M11: ESL | N11: BC Raeda | O11: 45881 | P11: 45907 | Q11: 45892 | R11: 45990 | S11: 45992 | T11: 45997 | U11: 46003 | V11: 46006 | W11: 46006 | X11: 46006 | Y11: 46013 | Z11: 46013 | AA11: 46013 | AB11: 46013 | AC11: 46014 | AD11: COMPLETED | AE11: =MAX(0,Y11-X11) -> 7 | AF11: 7 | AG11: =MAX(0,AE11-AF11) -> 0 | AH11: 200 | AI11: =MAX(0,AG11*AH11) -> 0 | AJ11: =MAX(0,AC11-AB11) -> 1 | AK11: 2 | AL11: =MAX(0,AJ11-AK11) -> 0 | AM11: 200 | AN11: =MAX(0,AL11*AM11) -> 0 | AP11: =AO11+AN11+AI11 -> 0
A12: =ROW()-3 -> 9 | B12: 1A | C12: T383DZH | D12: T466CBM-T287EMP | E12: MOHAMED MUSSA MOHAMED | F12: PUMPI | G12: OFFLOADED | H12: 28 | I12: 35000 | J12: 35070 | K12: AN-HDAN | L12: 45890 | M12: ESL | N12: BC Raeda | O12: 45881 | P12: 45907 | Q12: 45892 | R12: 45990 | S12: 45992 | T12: 45997 | U12: 46003 | V12: 46006 | W12: 46006 | X12: 46006 | Y12: 46013 | Z12: 46013 | AA12: 46013 | AB12: 46013 | AC12: 46014 | AD12: COMPLETED | AE12: =MAX(0,Y12-X12) -> 7 | AF12: 7 | AG12: =MAX(0,AE12-AF12) -> 0 | AH12: 200 | AI12: =MAX(0,AG12*AH12) -> 0 | AJ12: =MAX(0,AC12-AB12) -> 1 | AK12: 2 | AL12: =MAX(0,AJ12-AK12) -> 0 | AM12: 200 | AN12: =MAX(0,AL12*AM12) -> 0 | AP12: =AO12+AN12+AI12 -> 0
A13: =ROW()-3 -> 10 | B13: 1A | C13: T545DMH | D13: T295BED-T202EMP | E13: PATRICK EMMANUEL MPEZYA | F13: PUMPI | G13: OFFLOADED | H13: 28 | I13: 35000 | J13: 35070 | K13: AN-HDAN | L13: 45890 | M13: ESL | N13: BC Raeda | O13: 45881 | P13: 45907 | Q13: 45892 | R13: 45992 | S13: 45995 | T13: 45999 | U13: 46003 | V13: 46006 | W13: 46006 | X13: 46006 | Y13: 46012 | Z13: 46012 | AA13: 46013 | AB13: 46013 | AC13: 46014 | AD13: COMPLETED | AE13: =MAX(0,Y13-X13) -> 6 | AF13: 7 | AG13: =MAX(0,AE13-AF13) -> 0 | AH13: 200 | AI13: =MAX(0,AG13*AH13) -> 0 | AJ13: =MAX(0,AC13-AB13) -> 1 | AK13: 2 | AL13: =MAX(0,AJ13-AK13) -> 0 | AM13: 200 | AN13: =MAX(0,AL13*AM13) -> 0 | AP13: =AO13+AN13+AI13 -> 0
A14: =ROW()-3 -> 11 | B14: 1A | C14: T381EFR | D14: T414EFX-T194EFX | E14: ABASI YAHAYA ALLY | F14: PUMPI | G14: OFFLOADED | H14: 29 | I14: 35000 | J14: 35070 | K14: AN-HDAN | L14: 45890 | M14: ESL | N14: BC Raeda | O14: 45881 | P14: 45907 | Q14: 45892 | R14: 45993 | S14: 45995 | T14: 45999 | U14: 46004 | V14: 46007 | W14: 46007 | X14: 46007 | Y14: 46011 | Z14: 46012 | AA14: 46013 | AB14: 46013 | AC14: 46014 | AD14: COMPLETED | AE14: =MAX(0,Y14-X14) -> 4 | AF14: 7 | AG14: =MAX(0,AE14-AF14) -> 0 | AH14: 200 | AI14: =MAX(0,AG14*AH14) -> 0 | AJ14: =MAX(0,AC14-AB14) -> 1 | AK14: 2 | AL14: =MAX(0,AJ14-AK14) -> 0 | AM14: 200 | AN14: =MAX(0,AL14*AM14) -> 0 | AP14: =AO14+AN14+AI14 -> 0
A15: =ROW()-3 -> 12 | B15: 1A | C15: T356EFR | D15: T188EFX-T186EFX | E15: SAID AHMED ABBAS | F15: PUMPI | G15: OFFLOADED | H15: 29 | I15: 35000 | J15: 35070 | K15: AN-HDAN | L15: 45890 | M15: ESL | N15: BC Raeda | O15: 45881 | P15: 45907 | Q15: 45892 | R15: 45993 | S15: 45995 | T15: 45999 | U15: 46003 | V15: 46006 | W15: 46006 | X15: 46006 | Y15: 46010 | Z15: 46010 | AA15: 46011 | AB15: 46011 | AC15: 46013 | AD15: COMPLETED | AE15: =MAX(0,Y15-X15) -> 4 | AF15: 7 | AG15: =MAX(0,AE15-AF15) -> 0 | AH15: 200 | AI15: =MAX(0,AG15*AH15) -> 0 | AJ15: =MAX(0,AC15-AB15) -> 2 | AK15: 2 | AL15: =MAX(0,AJ15-AK15) -> 0 | AM15: 200 | AN15: =MAX(0,AL15*AM15) -> 0 | AP15: =AO15+AN15+AI15 -> 0
A16: =ROW()-3 -> 13 | B16: 1A | C16: T787CCY | D16: T268DQD-T510DQD | E16: BAKARI OMARI MSAFA | F16: PUMPI | G16: OFFLOADED | H16: 28 | I16: 35000 | J16: 35070 | K16: AN-HDAN | L16: 45890 | M16: ESL | N16: BC Raeda | O16: 45881 | P16: 45907 | Q16: 45892 | R16: 45992 | S16: 45995 | T16: 45999 | U16: 46003 | V16: 46006 | W16: 46006 | X16: 46006 | Y16: 46010 | Z16: 46010 | AA16: 46011 | AB16: 46011 | AC16: 46013 | AD16: COMPLETED | AE16: =MAX(0,Y16-X16) -> 4 | AF16: 7 | AG16: =MAX(0,AE16-AF16) -> 0 | AH16: 200 | AI16: =MAX(0,AG16*AH16) -> 0 | AJ16: =MAX(0,AC16-AB16) -> 2 | AK16: 2 | AL16: =MAX(0,AJ16-AK16) -> 0 | AM16: 200 | AN16: =MAX(0,AL16*AM16) -> 0 | AP16: =AO16+AN16+AI16 -> 0
A17: =ROW()-3 -> 14 | B17: 1A | C17: T182EES | D17: T184BUF-T536EFH | E17: HEMED MWIDADI ALLY | F17: PUMPI | G17: OFFLOADED | H17: 28 | I17: 35000 | J17: 35070 | K17: AN-HDAN | L17: 45890 | M17: ESL | N17: BC Raeda | O17: 45881 | P17: 45907 | Q17: 45892 | R17: 45992 | S17: 45995 | T17: 45999 | U17: 46004 | V17: 46007 | W17: 46007 | X17: 46007 | Y17: 46011 | Z17: 46011 | AA17: 46011 | AB17: 46011 | AC17: 46013 | AD17: COMPLETED | AE17: =MAX(0,Y17-X17) -> 4 | AF17: 7 | AG17: =MAX(0,AE17-AF17) -> 0 | AH17: 200 | AI17: =MAX(0,AG17*AH17) -> 0 | AJ17: =MAX(0,AC17-AB17) -> 2 | AK17: 2 | AL17: =MAX(0,AJ17-AK17) -> 0 | AM17: 200 | AN17: =MAX(0,AL17*AM17) -> 0 | AP17: =AO17+AN17+AI17 -> 0
A18: =ROW()-3 -> 15 | B18: 1A | C18: T706EHZ | D18: T145EHW-T283EMP | E18: IDDY MOSHI IDDY | F18: PUMPI | G18: OFFLOADED | H18: 28 | I18: 35000 | J18: 35070 | K18: AN-HDAN | L18: 45890 | M18: ESL | N18: BC Raeda | O18: 45881 | P18: 45907 | Q18: 45892 | R18: 45992 | S18: 45995 | T18: 45999 | U18: 46004 | V18: 46007 | W18: 46007 | X18: 46007 | Y18: 46010 | Z18: 46010 | AA18: 46011 | AB18: 46011 | AC18: 46013 | AD18: COMPLETED | AE18: =MAX(0,Y18-X18) -> 3 | AF18: 7 | AG18: =MAX(0,AE18-AF18) -> 0 | AH18: 200 | AI18: =MAX(0,AG18*AH18) -> 0 | AJ18: =MAX(0,AC18-AB18) -> 2 | AK18: 2 | AL18: =MAX(0,AJ18-AK18) -> 0 | AM18: 200 | AN18: =MAX(0,AL18*AM18) -> 0 | AP18: =AO18+AN18+AI18 -> 0
A19: =ROW()-3 -> 16 | B19: 1A | C19: T657DQF | D19: T872DQF-T875DQF | E19: MRISHO ULEDI ALLY | F19: PUMPI | G19: OFFLOADED | H19: 28 | I19: 35000 | J19: 35070 | K19: AN-HDAN | L19: 45890 | M19: ESL | N19: BC Raeda | O19: 45881 | P19: 45907 | Q19: 45892 | R19: 45990 | S19: 45994 | T19: 45998 | U19: 46002 | V19: 46005 | W19: 46005 | X19: 46005 | Y19: 46011 | Z19: 46011 | AA19: 46011 | AB19: 46011 | AC19: 46013 | AD19: COMPLETED | AE19: =MAX(0,Y19-X19) -> 6 | AF19: 7 | AG19: =MAX(0,AE19-AF19) -> 0 | AH19: 200 | AI19: =MAX(0,AG19*AH19) -> 0 | AJ19: =MAX(0,AC19-AB19) -> 2 | AK19: 2 | AL19: =MAX(0,AJ19-AK19) -> 0 | AM19: 200 | AN19: =MAX(0,AL19*AM19) -> 0 | AP19: =AO19+AN19+AI19 -> 0
A20: =ROW()-3 -> 17 | B20: 1A | C20: T310EES | D20: T254DQD-T515DQD | E20: BAHATI A MWATUPOSOLE | F20: PUMPI | G20: OFFLOADED | H20: 28 | I20: 35000 | J20: 35070 | K20: AN-HDAN | L20: 45890 | M20: ESL | N20: BC Raeda | O20: 45881 | P20: 45907 | Q20: 45892 | R20: 45990 | S20: 45994 | T20: 45998 | U20: 46002 | V20: 46005 | W20: 46005 | X20: 46005 | Y20: 46011 | Z20: 46011 | AA20: 46011 | AB20: 46011 | AC20: 46013 | AD20: COMPLETED | AE20: =MAX(0,Y20-X20) -> 6 | AF20: 7 | AG20: =MAX(0,AE20-AF20) -> 0 | AH20: 200 | AI20: =MAX(0,AG20*AH20) -> 0 | AJ20: =MAX(0,AC20-AB20) -> 2 | AK20: 2 | AL20: =MAX(0,AJ20-AK20) -> 0 | AM20: 200 | AN20: =MAX(0,AL20*AM20) -> 0 | AP20: =AO20+AN20+AI20 -> 0
A21: =ROW()-3 -> 18 | B21: 1A | C21: T214EES | D21: T177BUF-T218EMM | E21: BARAKA FARUKU SANGA | F21: PUMPI | G21: OFFLOADED | H21: 28 | I21: 35000 | J21: 35070 | K21: AN-HDAN | L21: 45890 | M21: ESL | N21: BC Raeda | O21: 45881 | P21: 45907 | Q21: 45892 | R21: 45990 | S21: 45994 | T21: 45998 | U21: 46003 | V21: 46006 | W21: 46006 | X21: 46006 | Y21: 46010 | Z21: 46010 | AA21: 46011 | AB21: 46011 | AC21: 46013 | AD21: COMPLETED | AE21: =MAX(0,Y21-X21) -> 4 | AF21: 7 | AG21: =MAX(0,AE21-AF21) -> 0 | AH21: 200 | AI21: =MAX(0,AG21*AH21) -> 0 | AJ21: =MAX(0,AC21-AB21) -> 2 | AK21: 2 | AL21: =MAX(0,AJ21-AK21) -> 0 | AM21: 200 | AN21: =MAX(0,AL21*AM21) -> 0 | AP21: =AO21+AN21+AI21 -> 0
A22: =ROW()-3 -> 19 | B22: 1A | C22: T774EAE | D22: T180DED-T579DTR | E22: MWIDINI HASSANI OMARI | F22: PUMPI | G22: OFFLOADED | H22: 28 | I22: 35000 | J22: 35070 | K22: AN-HDAN | L22: 45890 | M22: ESL | N22: BC Raeda | O22: 45881 | P22: 45907 | Q22: 45892 | R22: 45990 | S22: 45992 | T22: 45997 | U22: 46003 | V22: 46006 | W22: 46006 | X22: 46006 | Y22: 46010 | Z22: 46010 | AA22: 46011 | AB22: 46011 | AC22: 46013 | AD22: COMPLETED | AE22: =MAX(0,Y22-X22) -> 4 | AF22: 7 | AG22: =MAX(0,AE22-AF22) -> 0 | AH22: 200 | AI22: =MAX(0,AG22*AH22) -> 0 | AJ22: =MAX(0,AC22-AB22) -> 2 | AK22: 2 | AL22: =MAX(0,AJ22-AK22) -> 0 | AM22: 200 | AN22: =MAX(0,AL22*AM22) -> 0 | AP22: =AO22+AN22+AI22 -> 0
... A30: =ROW()-3 -> 27 | B30: 1A | C30: T469DZH | D30: T208DZH-T193DZH | E30: ASAJILE RICHARD MWAKATUMBULA | F30: PUMPI | G30: OFFLOADED | H30: 28 | I30: 35000 | J30: 35070 | K30: AN-HDAN | L30: 45890 | M30: ESL | N30: BC Raeda | O30: 45881 | P30: 45907 | Q30: 45892 | R30: 45988 | S30: 45990 | T30: 45994 | U30: 45997 | V30: 46001 | W30: 46001 | X30: 46001 | Y30: 46005 | Z30: 46005 | AA30: 46006 | AB30: 46006 | AC30: 46007 | AD30: COMPLETED | AE30: =MAX(0,Y30-X30) -> 4 | AF30: 7 | AG30: =MAX(0,AE30-AF30) -> 0 | AH30: 200 | AI30: =MAX(0,AG30*AH30) -> 0 | AJ30: =MAX(0,AC30-AB30) -> 1 | AK30: 2 | AL30: =MAX(0,AJ30-AK30) -> 0 | AM30: 200 | AN30: =MAX(0,AL30*AM30) -> 0 | AP30: =AO30+AN30+AI30 -> 0
A31: =ROW()-3 -> 28 | B31: 1A | C31: T879CQL | D31: T375CRT-T426EFH | E31: JOHN PAULO MZALIFU | F31: PUMPI | G31: OFFLOADED | H31: 28 | I31: 35000 | J31: 35070 | K31: AN-HDAN | L31: 45890 | M31: ESL | N31: BC Raeda | O31: 45881 | P31: 45907 | Q31: 45892 | R31: 45990 | S31: 45990 | T31: 45994 | U31: 45996 | V31: 46001 | W31: 46001 | X31: 46001 | Y31: 46004 | Z31: 46004 | AA31: 46005 | AB31: 46005 | AC31: 46006 | AD31: COMPLETED | AE31: =MAX(0,Y31-X31) -> 3 | AF31: 7 | AG31: =MAX(0,AE31-AF31) -> 0 | AH31: 200 | AI31: =MAX(0,AG31*AH31) -> 0 | AJ31: =MAX(0,AC31-AB31) -> 1 | AK31: 2 | AL31: =MAX(0,AJ31-AK31) -> 0 | AM31: 200 | AN31: =MAX(0,AL31*AM31) -> 0 | AO31: 0 | AP31: =AO31+AN31+AI31 -> 0
A32: =ROW()-3 -> 29 | B32: 1A | C32: T232DNF | D32: T569CTF-T566DTR | E32: BASHIRI WAZIRI MFINANGA | F32: PUMPI | G32: OFFLOADED | H32: 28 | I32: 35000 | J32: 35070 | K32: AN-HDAN | L32: 45890 | M32: ESL | N32: BC Raeda | O32: 45881 | P32: 45907 | Q32: 45892 | R32: 45988 | S32: 45990 | T32: 45994 | U32: 45998 | V32: 46002 | W32: 46002 | X32: 46002 | Y32: 46004 | Z32: 46004 | AA32: 46005 | AB32: 46005 | AC32: 46006 | AD32: COMPLETED | AE32: =MAX(0,Y32-X32) -> 2 | AF32: 7 | AG32: =MAX(0,AE32-AF32) -> 0 | AH32: 200 | AI32: =MAX(0,AG32*AH32) -> 0 | AJ32: =MAX(0,AC32-AB32) -> 1 | AK32: 2 | AL32: =MAX(0,AJ32-AK32) -> 0 | AM32: 200 | AN32: =MAX(0,AL32*AM32) -> 0 | AP32: =AO32+AN32+AI32 -> 0
A33: =ROW()-3 -> 30 | B33: 1A | C33: T621DPV | D33: T245ARR-T568DTR | E33: FRANSIS IZDOLI KALINGA | F33: PUMPI | G33: OFFLOADED | H33: 28 | I33: 35000 | J33: 35070 | K33: AN-HDAN | L33: 45890 | M33: ESL | N33: BC Raeda | O33: 45881 | P33: 45907 | Q33: 45892 | R33: 45988 | S33: 45990 | T33: 45994 | U33: 45997 | V33: 46000 | W33: 46000 | X33: 46000 | Y33: 46003 | Z33: 46004 | AA33: 46005 | AB33: 46005 | AC33: 46006 | AD33: COMPLETED | AE33: =MAX(0,Y33-X33) -> 3 | AF33: 7 | AG33: =MAX(0,AE33-AF33) -> 0 | AH33: 200 | AI33: =MAX(0,AG33*AH33) -> 0 | AJ33: =MAX(0,AC33-AB33) -> 1 | AK33: 2 | AL33: =MAX(0,AJ33-AK33) -> 0 | AM33: 200 | AN33: =MAX(0,AL33*AM33) -> 0 | AO33: 0 | AP33: =AO33+AN33+AI33 -> 0
A34: =ROW()-3 -> 31 | B34: 1A | C34: T660DQF | D34: T226DQD-T509DQD | E34: SELEMANI MZEE MNEMO | F34: PUMPI | G34: OFFLOADED | H34: 28 | I34: 35000 | J34: 35070 | K34: AN-HDAN | L34: 45890 | M34: ESL | N34: BC Raeda | O34: 45881 | P34: 45907 | Q34: 45892 | R34: 45988 | S34: 45990 | T34: 45994 | U34: 45996 | V34: 46000 | W34: 46000 | X34: 46000 | Y34: 46003 | Z34: 46004 | AA34: 46005 | AB34: 46005 | AC34: 46006 | AD34: COMPLETED | AE34: =MAX(0,Y34-X34) -> 3 | AF34: 7 | AG34: =MAX(0,AE34-AF34) -> 0 | AH34: 200 | AI34: =MAX(0,AG34*AH34) -> 0 | AJ34: =MAX(0,AC34-AB34) -> 1 | AK34: 2 | AL34: =MAX(0,AJ34-AK34) -> 0 | AM34: 200 | AN34: =MAX(0,AL34*AM34) -> 0 | AO34: 0 | AP34: =AO34+AN34+AI34 -> 0
A35: =ROW()-3 -> 32 | B35: 1A | C35: T349DWZ | D35: T190DXQ-T191DXQ | E35: CHRISTOPHER ADELIN MASAWE | F35: PUMPI | G35: OFFLOADED | H35: 29 | I35: 36250 | J35: 36323 | K35: AN-HDAN | L35: 45890 | M35: ESL | N35: BC Raeda | O35: 45881 | P35: 45907 | Q35: 45892 | R35: 45988 | S35: 45990 | T35: 45994 | U35: 45996 | V35: 46001 | W35: 46001 | X35: 46001 | Y35: 46004 | Z35: 46004 | AA35: 46005 | AB35: 46005 | AC35: 46006 | AD35: COMPLETED | AE35: =MAX(0,Y35-X35) -> 3 | AF35: 7 | AG35: =MAX(0,AE35-AF35) -> 0 | AH35: 200 | AI35: =MAX(0,AG35*AH35) -> 0 | AJ35: =MAX(0,AC35-AB35) -> 1 | AK35: 2 | AL35: =MAX(0,AJ35-AK35) -> 0 | AM35: 200 | AN35: =MAX(0,AL35*AM35) -> 0 | AP35: =AO35+AN35+AI35 -> 0
A36: =ROW()-3 -> 33 | B36: 1A | C36: T292DRM | D36: T978BXK | E36: IDDI TITUSI MKENGE | F36: PUMPI | G36: OFFLOADED | H36: 30 | I36: 37500 | J36: 37605 | K36: AN-HDAN | L36: 45890 | M36: ESL | N36: BC Raeda | O36: 45881 | P36: 45907 | Q36: 45892 | R36: 45988 | S36: 45990 | T36: 45994 | U36: 45996 | V36: 45998 | W36: 45998 | X36: 45998 | Y36: 46000 | Z36: 46001 | AA36: 46001 | AB36: 46001 | AC36: 46002 | AD36: COMPLETED | AE36: =MAX(0,Y36-X36) -> 2 | AF36: 7 | AG36: =MAX(0,AE36-AF36) -> 0 | AH36: 200 | AI36: =MAX(0,AG36*AH36) -> 0 | AJ36: =MAX(0,AC36-AB36) -> 1 | AK36: 2 | AL36: =MAX(0,AJ36-AK36) -> 0 | AM36: 200 | AN36: =MAX(0,AL36*AM36) -> 0 | AP36: =AO36+AN36+AI36 -> 0
A37: =ROW()-3 -> 34 | B37: 1A | C37: T904ECV | D37: T717DEG | E37: BAKARI SALIM BAKARI | F37: PUMPI | G37: OFFLOADED | H37: 29 | I37: 36250 | J37: 36323 | K37: AN-HDAN | L37: 45890 | M37: ESL | N37: BC Raeda | O37: 45881 | P37: 45907 | Q37: 45892 | R37: 45988 | S37: 45990 | T37: 45994 | U37: 45996 | V37: 45998 | W37: 45998 | X37: 45998 | Y37: 45999 | Z37: 46001 | AA37: 46001 | AB37: 46001 | AC37: 46002 | AD37: COMPLETED | AE37: =MAX(0,Y37-X37) -> 1 | AF37: 7 | AG37: =MAX(0,AE37-AF37) -> 0 | AH37: 200 | AI37: =MAX(0,AG37*AH37) -> 0 | AJ37: =MAX(0,AC37-AB37) -> 1 | AK37: 2 | AL37: =MAX(0,AJ37-AK37) -> 0 | AM37: 200 | AN37: =MAX(0,AL37*AM37) -> 0 | AP37: =AO37+AN37+AI37 -> 0
A38: =ROW()-3 -> 35 | B38: 1A | C38: T327DWZ | D38: T208DSK | E38: JUMA KHALFANI SEMINDU | F38: PUMPI | G38: OFFLOADED | H38: 29 | I38: 36250 | J38: 36323 | K38: AN-HDAN | L38: 45890 | M38: ESL | N38: BC Raeda | O38: 45881 | P38: 45907 | Q38: 45892 | R38: 45955 | S38: 45957 | T38: 45966 | U38: 45970 | V38: 45987 | W38: 45987 | X38: 45987 | Y38: 45990 | Z38: 45990 | AA38: 45992 | AB38: 45992 | AC38: 45993 | AD38: COMPLETED | AE38: =MAX(0,Y38-X38) -> 3 | AF38: 7 | AG38: =MAX(0,AE38-AF38) -> 0 | AH38: 200 | AI38: =MAX(0,AG38*AH38) -> 0 | AJ38: =MAX(0,AC38-AB38) -> 1 | AK38: 2 | AL38: =MAX(0,AJ38-AK38) -> 0 | AM38: 200 | AN38: =MAX(0,AL38*AM38) -> 0 | AO38: 0 | AP38: =AO38+AN38+AI38 -> 0
A39: =ROW()-3 -> 36 | B39: 1A | C39: T299DRF | D39: T497DCA | E39: JUMA RAMADHAN GOGO | F39: PUMPI | G39: OFFLOADED | H39: 29 | I39: 36323 | J39: 56000 | K39: AN-HDAN | L39: 45890 | M39: ESL | N39: BC Raeda | O39: 45881 | P39: 45907 | Q39: 45892 | R39: 45971 | S39: 45972 | T39: 45974 | U39: 45978 | V39: 45981 | W39: 45981 | X39: 45981 | Y39: 45985 | Z39: 45986 | AA39: 45986 | AB39: 45986 | AC39: 45987 | AD39: COMPLETED | AE39: =MAX(0,Y39-X39) -> 4 | AF39: 7 | AG39: =MAX(0,AE39-AF39) -> 0 | AH39: 200 | AI39: =MAX(0,AG39*AH39) -> 0 | AJ39: =MAX(0,AC39-AB39) -> 1 | AK39: 2 | AL39: =MAX(0,AJ39-AK39) -> 0 | AM39: 200 | AN39: =MAX(0,AL39*AM39) -> 0 | AP39: =AO39+AN39+AI39 -> 0
A40: =ROW()-3 -> 37 | B40: 1A | C40: T160EES | D40: T730BAK-T539EFH | E40: HUSSEIN SALEH MGENI | F40: PUMPI | G40: OFFLOADED | H40: 28 | I40: 35070 | J40: 56000 | K40: AN-HDAN | L40: 45890 | M40: ESL | N40: BC Raeda | O40: 45881 | P40: 45907 | Q40: 45892 | R40: 45971 | S40: 45972 | T40: 45974 | U40: 45979 | V40: 45981 | W40: 45981 | X40: 45981 | Y40: 45984 | Z40: 45984 | AA40: 45985 | AB40: 45985 | AC40: 45986 | AD40: COMPLETED | AE40: =MAX(0,Y40-X40) -> 3 | AF40: 7 | AG40: =MAX(0,AE40-AF40) -> 0 | AH40: 200 | AI40: =MAX(0,AG40*AH40) -> 0 | AJ40: =MAX(0,AC40-AB40) -> 1 | AK40: 2 | AL40: =MAX(0,AJ40-AK40) -> 0 | AM40: 200 | AN40: =MAX(0,AL40*AM40) -> 0 | AP40: =AO40+AN40+AI40 -> 0
A41: =ROW()-3 -> 38 | B41: 1A | C41: T141EES | D41: T998ANZ | E41: SHUKURU OMARY FUNUA | F41: PUMPI | G41: OFFLOADED | H41: 29 | I41: 36250 | J41: 36323 | K41: AN-HDAN | L41: 45890 | M41: ESL | N41: BC Raeda | O41: 45881 | P41: 45907 | Q41: 45892 | R41: 45949 | S41: 45950 | T41: 45953 | U41: 45969 | V41: 45978 | W41: 45978 | X41: 45978 | Y41: 45984 | Z41: 45984 | AA41: 45985 | AB41: 45985 | AC41: 45985 | AD41: COMPLETED | AE41: =MAX(0,Y41-X41) -> 6 | AF41: 7 | AG41: =MAX(0,AE41-AF41) -> 0 | AH41: 200 | AI41: =MAX(0,AG41*AH41) -> 0 | AJ41: =MAX(0,AC41-AB41) -> 0 | AK41: 2 | AL41: =MAX(0,AJ41-AK41) -> 0 | AM41: 200 | AN41: =MAX(0,AL41*AM41) -> 0 | AP41: =AO41+AN41+AI41 -> 0
A42: =ROW()-3 -> 39 | B42: 1A | C42: T432BVZ | D42: T748CVC-T246EMP | E42: HAMIS RASHID MIHAYO | F42: PUMPI | G42: OFFLOADED | H42: 28 | I42: 35000 | J42: 35070 | K42: AN-HDAN | L42: 45890 | M42: ESL | N42: BC Raeda | O42: 45881 | P42: 45907 | Q42: 45892 | R42: 45955 | S42: 45957 | T42: 45966 | U42: 45979 | V42: 45981 | W42: 45981 | X42: 45981 | Y42: 45984 | Z42: 45984 | AA42: 45985 | AB42: 45985 | AC42: 45985 | AD42: COMPLETED | AE42: =MAX(0,Y42-X42) -> 3 | AF42: 7 | AG42: =MAX(0,AE42-AF42) -> 0 | AH42: 200 | AI42: =MAX(0,AG42*AH42) -> 0 | AJ42: =MAX(0,AC42-AB42) -> 0 | AK42: 2 | AL42: =MAX(0,AJ42-AK42) -> 0 | AM42: 200 | AN42: =MAX(0,AL42*AM42) -> 0 | AP42: =AO42+AN42+AI42 -> 0
A43: =ROW()-3 -> 40 | B43: 1A | C43: T461DZH | D43: T503AUU-T245EMP | E43: DEOGRATIAS TADEUS TARIMO | F43: PUMPI | G43: OFFLOADED | H43: 28 | I43: 35070 | J43: 56000 | K43: AN-HDAN | L43: 45890 | M43: ESL | N43: BC Raeda | O43: 45881 | P43: 45907 | Q43: 45892 | R43: 45971 | S43: 45972 | T43: 45974 | U43: 45978 | V43: 45981 | W43: 45981 | X43: 45981 | Y43: 45984 | Z43: 45984 | AA43: 45985 | AB43: 45985 | AC43: 45985 | AD43: COMPLETED | AE43: =MAX(0,Y43-X43) -> 3 | AF43: 7 | AG43: =MAX(0,AE43-AF43) -> 0 | AH43: 200 | AI43: =MAX(0,AG43*AH43) -> 0 | AJ43: =MAX(0,AC43-AB43) -> 0 | AK43: 2 | AL43: =MAX(0,AJ43-AK43) -> 0 | AM43: 200 | AN43: =MAX(0,AL43*AM43) -> 0 | AP43: =AO43+AN43+AI43 -> 0
A44: =ROW()-3 -> 41 | B44: 1A | C44: T418BXV | D44: T196BED-T677EFH | E44: JOSHUA BROWN NZAVIKE | F44: PUMPI | G44: OFFLOADED | H44: 28 | I44: 35070 | J44: 56000 | K44: AN-HDAN | L44: 45890 | M44: ESL | N44: BC Raeda | O44: 45881 | P44: 45907 | Q44: 45892 | R44: 45971 | S44: 45972 | T44: 45974 | U44: 45979 | V44: 45981 | W44: 45981 | X44: 45981 | Y44: 45984 | Z44: 45984 | AA44: 45985 | AB44: 45985 | AC44: 45985 | AD44: COMPLETED | AE44: =MAX(0,Y44-X44) -> 3 | AF44: 7 | AG44: =MAX(0,AE44-AF44) -> 0 | AH44: 200 | AI44: =MAX(0,AG44*AH44) -> 0 | AJ44: =MAX(0,AC44-AB44) -> 0 | AK44: 2 | AL44: =MAX(0,AJ44-AK44) -> 0 | AM44: 200 | AN44: =MAX(0,AL44*AM44) -> 0 | AP44: =AO44+AN44+AI44 -> 0
A45: =ROW()-3 -> 42 | B45: 1A | C45: T659CJT | D45: T187BUF-T229EMP | E45: MLOWE MAIKO BENJAMIN | F45: PUMPI | G45: OFFLOADED | H45: 28 | I45: 35070 | J45: 56000 | K45: AN-HDAN | L45: 45890 | M45: ESL | N45: BC Raeda | O45: 45881 | P45: 45907 | Q45: 45892 | R45: 45971 | S45: 45972 | T45: 45974 | U45: 45978 | V45: 45980 | W45: 45980 | X45: 45980 | Y45: 45984 | Z45: 45984 | AA45: 45985 | AB45: 45985 | AC45: 45985 | AD45: COMPLETED | AE45: =MAX(0,Y45-X45) -> 4 | AF45: 7 | AG45: =MAX(0,AE45-AF45) -> 0 | AH45: 200 | AI45: =MAX(0,AG45*AH45) -> 0 | AJ45: =MAX(0,AC45-AB45) -> 0 | AK45: 2 | AL45: =MAX(0,AJ45-AK45) -> 0 | AM45: 200 | AN45: =MAX(0,AL45*AM45) -> 0 | AP45: =AO45+AN45+AI45 -> 0
A46: =ROW()-3 -> 43 | B46: 1A | C46: T308BZY | D46: T405BQX-T260EMP | E46: KHAMIS MOHAMED ABDALLAH | F46: PUMPI | G46: OFFLOADED | H46: 28 | I46: 35000 | J46: 35070 | K46: AN-HDAN | L46: 45890 | M46: ESL | N46: BC Raeda | O46: 45881 | P46: 45907 | Q46: 45892 | R46: 45955 | S46: 45957 | T46: 45971 | U46: 45978 | V46: 45980 | W46: 45980 | X46: 45980 | Y46: 45981 | Z46: 45982 | AA46: 45982 | AB46: 45982 | AC46: 45982 | AD46: COMPLETED | AE46: =MAX(0,Y46-X46) -> 1 | AF46: 7 | AG46: =MAX(0,AE46-AF46) -> 0 | AH46: 200 | AI46: =MAX(0,AG46*AH46) -> 0 | AJ46: =MAX(0,AC46-AB46) -> 0 | AK46: 2 | AL46: =MAX(0,AJ46-AK46) -> 0 | AM46: 200 | AN46: =MAX(0,AL46*AM46) -> 0 | AP46: =AO46+AN46+AI46 -> 0
A47: =ROW()-3 -> 44 | B47: 1A | C47: T578DMJ | D47: T177DCZ-T556DTR | E47: BASHIRU JUMA SOMBI | F47: PUMPI | G47: OFFLOADED | H47: 28 | I47: 35000 | J47: 35070 | K47: AN-HDAN | L47: 45890 | M47: ESL | N47: BC Raeda | O47: 45881 | P47: 45907 | Q47: 45892 | R47: 45955 | S47: 45957 | T47: 45966 | U47: 45969 | V47: 45971 | W47: 45971 | X47: 45971 | Y47: 45974 | Z47: 45974 | AA47: 45975 | AB47: 45976 | AC47: 45978 | AD47: COMPLETED | AE47: =MAX(0,Y47-X47) -> 3 | AF47: 7 | AG47: =MAX(0,AE47-AF47) -> 0 | AH47: 200 | AI47: =MAX(0,AG47*AH47) -> 0 | AJ47: =MAX(0,AC47-AB47) -> 2 | AK47: 2 | AL47: =MAX(0,AJ47-AK47) -> 0 | AM47: 200 | AN47: =MAX(0,AL47*AM47) -> 0 | AP47: =AO47+AN47+AI47 -> 0
A48: =ROW()-3 -> 45 | B48: 1A | C48: T145EES | D48: T337BXK-T522EFH | E48: HUDHAIFA KAZEMBWE HILALY | F48: PUMPI | G48: OFFLOADED | H48: 28 | I48: 35000 | J48: 35070 | K48: AN-HDAN | L48: 45890 | M48: ESL | N48: BC Raeda | O48: 45881 | P48: 45907 | Q48: 45892 | R48: 45951 | S48: 45952 | T48: 45965 | U48: 45971 | V48: 45973 | W48: 45973 | X48: 45973 | Y48: 45975 | Z48: 45975 | AA48: 45976 | AB48: 45976 | AC48: 45978 | AD48: COMPLETED | AE48: =MAX(0,Y48-X48) -> 2 | AF48: 7 | AG48: =MAX(0,AE48-AF48) -> 0 | AH48: 200 | AI48: =MAX(0,AG48*AH48) -> 0 | AJ48: =MAX(0,AC48-AB48) -> 2 | AK48: 2 | AL48: =MAX(0,AJ48-AK48) -> 0 | AM48: 200 | AN48: =MAX(0,AL48*AM48) -> 0 | AO48: 0 | AP48: =AO48+AN48+AI48 -> 0
A49: =ROW()-3 -> 46 | B49: 1A | C49: T462DZH | D49: T200CVF-T212EMM | E49: JUMA BAKARI ALLY | F49: PUMPI | G49: OFFLOADED | H49: 28 | I49: 35000 | J49: 35070 | K49: AN-HDAN | L49: 45890 | M49: ESL | N49: BC Raeda | O49: 45881 | P49: 45907 | Q49: 45892 | R49: 45949 | S49: 45950 | T49: 45957 | U49: 45967 | V49: 45969 | W49: 45969 | X49: 45969 | Y49: 45974 | Z49: 45974 | AA49: 45975 | AB49: 45976 | AC49: 45978 | AD49: COMPLETED | AE49: =MAX(0,Y49-X49) -> 5 | AF49: 7 | AG49: =MAX(0,AE49-AF49) -> 0 | AH49: 200 | AI49: =MAX(0,AG49*AH49) -> 0 | AJ49: =MAX(0,AC49-AB49) -> 2 | AK49: 2 | AL49: =MAX(0,AJ49-AK49) -> 0 | AM49: 200 | AN49: =MAX(0,AL49*AM49) -> 0 | AP49: =AO49+AN49+AI49 -> 0
A50: =ROW()-3 -> 47 | B50: 1A | C50: T355DWZ | D50: T186DXQ-T188DXQ | E50: VULISTER BEATUS TEMU | F50: PUMPI | G50: OFFLOADED | H50: 29 | I50: 36250 | J50: 36323 | K50: AN-HDAN | L50: 45890 | M50: ESL | N50: BC Raeda | O50: 45881 | P50: 45907 | Q50: 45892 | R50: 45955 | S50: 45957 | T50: 45966 | U50: 45969 | V50: 45971 | W50: 45971 | X50: 45971 | Y50: 45973 | Z50: 45974 | AA50: 45974 | AB50: 45975 | AC50: 45975 | AD50: COMPLETED | AE50: =MAX(0,Y50-X50) -> 2 | AF50: 7 | AG50: =MAX(0,AE50-AF50) -> 0 | AH50: 200 | AI50: =MAX(0,AG50*AH50) -> 0 | AJ50: =MAX(0,AC50-AB50) -> 0 | AK50: 2 | AL50: =MAX(0,AJ50-AK50) -> 0 | AM50: 200 | AN50: =MAX(0,AL50*AM50) -> 0 | AP50: =AO50+AN50+AI50 -> 0
A51: =ROW()-3 -> 48 | B51: 1A | C51: T927EGG | D51: T101DXM-T105DXM | E51: HAMAD JUMA OMARI | F51: PUMPI | G51: OFFLOADED | H51: 29 | I51: 36250 | J51: 36323 | K51: AN-HDAN | L51: 45890 | M51: ESL | N51: BC Raeda | O51: 45881 | P51: 45907 | Q51: 45892 | R51: 45955 | S51: 45957 | T51: 45966 | U51: 45969 | V51: 45971 | W51: 45971 | X51: 45971 | Y51: 45973 | Z51: 45974 | AA51: 45974 | AB51: 45975 | AC51: 45975 | AD51: COMPLETED | AE51: =MAX(0,Y51-X51) -> 2 | AF51: 7 | AG51: =MAX(0,AE51-AF51) -> 0 | AH51: 200 | AI51: =MAX(0,AG51*AH51) -> 0 | AJ51: =MAX(0,AC51-AB51) -> 0 | AK51: 2 | AL51: =MAX(0,AJ51-AK51) -> 0 | AM51: 200 | AN51: =MAX(0,AL51*AM51) -> 0 | AP51: =AO51+AN51+AI51 -> 0
A52: =ROW()-3 -> 49 | B52: 1A | C52: T424DZH | D52: T315BED-T721EFH | E52: KITWANA RAMADHANI KUCHEMA | F52: PUMPI | G52: OFFLOADED | H52: 28 | I52: 35000 | J52: 35070 | K52: AN-HDAN | L52: 45890 | M52: ESL | N52: BC Raeda | O52: 45881 | P52: 45907 | Q52: 45892 | R52: 45955 | S52: 45957 | T52: 45966 | U52: 45970 | V52: 45971 | W52: 45971 | X52: 45971 | Y52: 45973 | Z52: 45974 | AA52: 45974 | AB52: 45975 | AC52: 45975 | AD52: COMPLETED | AE52: =MAX(0,Y52-X52) -> 2 | AF52: 7 | AG52: =MAX(0,AE52-AF52) -> 0 | AH52: 200 | AI52: =MAX(0,AG52*AH52) -> 0 | AJ52: =MAX(0,AC52-AB52) -> 0 | AK52: 2 | AL52: =MAX(0,AJ52-AK52) -> 0 | AM52: 200 | AN52: =MAX(0,AL52*AM52) -> 0 | AP52: =AO52+AN52+AI52 -> 0
A53: =ROW()-3 -> 50 | B53: 1A | C53: T234DNF | D53: T763CVC-T959DWJ | E53: RAMADHAN BEHO SALUM | F53: PUMPI | G53: OFFLOADED | H53: 28 | I53: 35000 | J53: 35070 | K53: AN-HDAN | L53: 45890 | M53: ESL | N53: BC Raeda | O53: 45881 | P53: 45907 | Q53: 45892 | R53: 45955 | S53: 45957 | T53: 45966 | U53: 45969 | V53: 45971 | W53: 45971 | X53: 45971 | Y53: 45972 | Z53: 45972 | AA53: 45972 | AB53: 45972 | AC53: 45973 | AD53: COMPLETED | AE53: =MAX(0,Y53-X53) -> 1 | AF53: 7 | AG53: =MAX(0,AE53-AF53) -> 0 | AH53: 200 | AI53: =MAX(0,AG53*AH53) -> 0 | AJ53: =MAX(0,AC53-AB53) -> 1 | AK53: 2 | AL53: =MAX(0,AJ53-AK53) -> 0 | AM53: 200 | AN53: =MAX(0,AL53*AM53) -> 0 | AP53: =AO53+AN53+AI53 -> 0
A54: =ROW()-3 -> 51 | B54: 1A | C54: T585DMJ | D54: T709BMY-T965DWJ | E54: ALLY HUSSEIN NG'OMBO | F54: PUMPI | G54: OFFLOADED | H54: 28 | I54: 35000 | J54: 35070 | K54: AN-HDAN | L54: 45890 | M54: ESL | N54: BC Raeda | O54: 45881 | P54: 45907 | Q54: 45892 | R54: 45949 | S54: 45950 | T54: 45953 | U54: 45969 | V54: 45970 | W54: 45970 | X54: 45970 | Y54: 45972 | Z54: 45972 | AA54: 45973 | AB54: 45973 | AC54: 45974 | AD54: COMPLETED | AE54: =MAX(0,Y54-X54) -> 2 | AF54: 7 | AG54: =MAX(0,AE54-AF54) -> 0 | AH54: 200 | AI54: =MAX(0,AG54*AH54) -> 0 | AJ54: =MAX(0,AC54-AB54) -> 1 | AK54: 2 | AL54: =MAX(0,AJ54-AK54) -> 0 | AM54: 200 | AN54: =MAX(0,AL54*AM54) -> 0 | AO54: 0 | AP54: =AO54+AN54+AI54 -> 0
A55: =ROW()-3 -> 52 | B55: 1A | C55: T203EES | D55: T726EHV-T210EMP | E55: KAYUSI COELESTINE ALFRED | F55: PUMPI | G55: OFFLOADED | H55: 28 | I55: 35000 | J55: 35070 | K55: AN-HDAN | L55: 45890 | M55: ESL | N55: BC Raeda | O55: 45881 | P55: 45907 | Q55: 45892 | R55: 45955 | S55: 45957 | T55: 45966 | U55: 45970 | V55: 45971 | W55: 45971 | X55: 45971 | Y55: 45972 | Z55: 45972 | AA55: 45973 | AB55: 45973 | AC55: 45974 | AD55: COMPLETED | AE55: =MAX(0,Y55-X55) -> 1 | AF55: 7 | AG55: =MAX(0,AE55-AF55) -> 0 | AH55: 200 | AI55: =MAX(0,AG55*AH55) -> 0 | AJ55: =MAX(0,AC55-AB55) -> 1 | AK55: 2 | AL55: =MAX(0,AJ55-AK55) -> 0 | AM55: 200 | AN55: =MAX(0,AL55*AM55) -> 0 | AO55: 0 | AP55: =AO55+AN55+AI55 -> 0
A56: =ROW()-3 -> 53 | B56: 1A | C56: T189EGH | D56: T630DXS-T633DXS | E56: HARUOB MANSOORY SULEIMAN | F56: PUMPI | G56: OFFLOADED | H56: 29 | I56: 36250 | J56: 36323 | K56: AN-HDAN | L56: 45890 | M56: ESL | N56: BC Raeda | O56: 45881 | P56: 45907 | Q56: 45892 | R56: 45955 | S56: 45957 | T56: 45966 | U56: 45968 | V56: 45970 | W56: 45970 | X56: 45970 | Y56: 45972 | Z56: 45972 | AA56: 45973 | AB56: 45973 | AC56: 45974 | AD56: COMPLETED | AE56: =MAX(0,Y56-X56) -> 2 | AF56: 7 | AG56: =MAX(0,AE56-AF56) -> 0 | AH56: 200 | AI56: =MAX(0,AG56*AH56) -> 0 | AJ56: =MAX(0,AC56-AB56) -> 1 | AK56: 2 | AL56: =MAX(0,AJ56-AK56) -> 0 | AM56: 200 | AN56: =MAX(0,AL56*AM56) -> 0 | AO56: 0 | AP56: =AO56+AN56+AI56 -> 0
AE57: =MAX(0,Y57-X57) -> 0 | AF57: 7 | AG57: =MAX(0,AE57-AF57) -> 0 | AH57: 200 | AI57: =MAX(0,AG57*AH57) -> 0 | AJ57: =MAX(0,AC57-AB57) -> 0 | AK57: 2 | AL57: =MAX(0,AJ57-AK57) -> 0 | AM57: 200 | AN57: =MAX(0,AL57*AM57) -> 0 | AP57: =AO57+AN57+AI57 -> 0
AE58: =MAX(0,Y58-X58) -> 0 | AF58: 7 | AG58: =MAX(0,AE58-AF58) -> 0 | AH58: 200 | AI58: =MAX(0,AG58*AH58) -> 0 | AJ58: =MAX(0,AC58-AB58) -> 0 | AK58: 2 | AL58: =MAX(0,AJ58-AK58) -> 0 | AM58: 200 | AN58: =MAX(0,AL58*AM58) -> 0 | AP58: =AO58+AN58+AI58 -> 0

Sheet BL-1A-Kolwezi
A1: DAILY TRACKING REPORT - FORWARDING | E1: =TODAY() -> 46045 | F1: BC RAEDA | G1: H-DAN | H1: 3992 | I1: 4990 | J1: 5003.991 | M1: GT OCEAN TRANSPORTATION LIMITED | T1: GT OCEAN TRANSPORTATION LIMITED | AB1: GT OCEAN TRANSPORTATION LIMITED | AN1: Total Amount
A2: 序号 | B2: 提单号 | C2: 卡车牌号 | D2: 拖车牌号 | E2: 司机姓名 | F2: 目的地 | G2: 当前位置 | H2: 吨袋/bags | I2: 净重/N.W. | J2: 毛重/G.W. | L2: 文件接收 | M2: 船司 | N2: 船名 | O2: 预计抵港 | P2: 实际靠泊 | Q2: 船司放行 | R2: 装运时间 | S2: 起运时间 | T2: 到达TUNDUMA | U2: NAKONDE出发 | V2: 到达卡松ZAMBIA | W2: 卡松ZAMBIA出发 | X2: 到达卡松DRC | Y2: 卡松出发DRC | AB2: 到达目的地 | AC2: 卸货时间 | AD2: 备注 | AE2: Border Delays | AI2: =SUM(AI6:AI22) -> 0 | AJ2: Offloading Delays | AN2: =SUM(AN6:AN22) -> 600 | AO2: =SUM(AO6:AO22) -> 200 | AP2: =SUM(AI2:AO2) -> 800
A3: No. | B3: B/L No. | C3: TRUCK NUMBER | D3: TRAILER NUMBER | E3: DRIVER NAME | F3: FINAL DESTINATION | G3: TRUCK POSITION | H3: =SUM(H5:H202) -> 476 | I3: =SUM(I5:I202)/1000 -> 595 | J3: =SUM(J5:J202)/1000 -> 596.216 | K3: HDAN | L3: DOCUMENTS RECEIVED | M3: SHIPPING LINE | N3: VESSEL | O3: ETA | P3: ATB | Q3: LINE RELEASE | R3: DATE LOADED | S3: DISPATCH DATE | T3: ARRIVED TUNDUMA BORDER | U3: DEPARTED NAKONDE | V3: K-LESA ZAMBIA ARRIVED | W3: K-LESA ZAMBIA DEPARTED | X3: K-LESA DRC ARRIVED | Y3: K-LESA DRC DEPARTED | Z3: L-MBASHI ARRIVED | AA3: DEPARTED L-MBASHI | AB3: ARRIVED DESTINATION | AC3: OFFLOADED | AD3: COMMENTS | AE3: Border Days | AF3: Free days | AG3: Chargable Days | AH3: Chargable Rate | AI3: Border Delays Amt | AJ3: Offloading Days | AK3: Free days | AL3: Chargable Days | AM3: Chargable Rate | AN3: Offloading Delays Amt | AO3: Parking Charges Amount | AP3: TOTAL
A4: =ROW()-3 -> 1 | B4: 1A | C4: T551DCZ | D4: T515BWD | E4: JUMAA HALFAN KIPANGA | F4: KOLWEZI | G4: OFFLOADED | H4: 29 | I4: 36250 | J4: 36323 | K4: AN-HDAN | L4: 45890 | M4: ESL | N4: BC Raeda | O4: 45881 | P4: 45907 | Q4: 45892 | R4: 45990 | S4: 46002 | T4: 46013 | U4: 46017 | V4: 46023 | W4: 46023 | X4: 46023 | Y4: 46027 | Z4: 46027 | AA4: 46028 | AB4: 46031 | AC4: 46034 | AD4: COMPLETED | AE4: =MAX(0,Y4-X4) -> 4 | AF4: 7 | AG4: =MAX(0,AE4-AF4) -> 0 | AH4: 200 | AI4: =MAX(0,AG4*AH4) -> 0 | AJ4: =MAX(0,AC4-AB4) -> 3 | AK4: 2 | AL4: =MAX(0,AJ4-AK4) -> 1 | AM4: 200 | AN4: =MAX(0,AL4*AM4) -> 200 | AP4: =AO4+AN4+AI4 -> 200
A5: =ROW()-3 -> 2 | B5: 1A | C5: T249CVP | D5: T759AXN-T341DXR | E5: JUMANNE MAMBO | F5: KOLWEZI | G5: OFFLOADED | H5: 28 | I5: 35000 | J5: 35070 | K5: AN-HDAN | L5: 45890 | M5: ESL | N5: BC Raeda | O5: 45881 | P5: 45907 | Q5: 45892 | R5: 45951 | S5: 45995 | T5: 45999 | U5: 46006 | V5: 46011 | W5: 46011 | X5: 46011 | Y5: 46013 | Z5: 46013 | AA5: 46014 | AB5: 46015 | AC5: 46015 | AD5: COMPLETED | AE5: =MAX(0,Y5-X5) -> 2 | AF5: 7 | AG5: =MAX(0,AE5-AF5) -> 0 | AH5: 200 | AI5: =MAX(0,AG5*AH5) -> 0 | AJ5: =MAX(0,AC5-AB5) -> 0 | AK5: 2 | AL5: =MAX(0,AJ5-AK5) -> 0 | AM5: 200 | AN5: =MAX(0,AL5*AM5) -> 0 | AO5: 0 | AP5: =AO5+AN5+AI5 -> 0
A6: =ROW()-3 -> 3 | B6: 1A | C6: T623DPV | D6: T101APA | E6: FREDRICK LUCAS NYAMHANGA | F6: KOLWEZI | G6: OFFLOADED | H6: 24 | I6: 30000 | J6: 30084 | K6: AN-HDAN | L6: 45890 | M6: ESL | N6: BC Raeda | O6: 45881 | P6: 45907 | Q6: 45892 | R6: 45951 | S6: 45952 | T6: 45956 | U6: 45964 | V6: 45966 | W6: 45966 | X6: 45966 | Y6: 45969 | Z6: 45969 | AA6: 45974 | AB6: 45975 | AC6: 45978 | AD6: COMPLETED | AE6: =MAX(0,Y6-X6) -> 3 | AF6: 7 | AG6: =MAX(0,AE6-AF6) -> 0 | AH6: 200 | AI6: =MAX(0,AG6*AH6) -> 0 | AJ6: =MAX(0,AC6-AA7) -> 4 | AK6: 2 | AL6: =MAX(0,AJ6-AK6) -> 2 | AM6: 200 | AN6: =MAX(0,AL6*AM6) -> 400 | AO6: 0 | AP6: =AO6+AN6+AI6 -> 400
A7: =ROW()-3 -> 4 | B7: 1A | C7: T451EFR | D7: T490ELF-T208EMP | E7: SAID MOHAMED KHALFANI | F7: KOLWEZI | G7: OFFLOADED | H7: 28 | I7: 35000 | J7: 35070 | K7: AN-HDAN | L7: 45890 | M7: ESL | N7: BC Raeda | O7: 45881 | P7: 45907 | Q7: 45892 | R7: 45951 | S7: 45952 | T7: 45956 | U7: 45963 | V7: 45968 | W7: 45968 | X7: 45968 | Y7: 45971 | Z7: 45972 | AA7: 45974 | AB7: 45975 | AC7: 45977 | AD7: COMPLETED | AE7: =MAX(0,Y7-X7) -> 3 | AF7: 7 | AG7: =MAX(0,AE7-AF7) -> 0 | AH7: 200 | AI7: =MAX(0,AG7*AH7) -> 0 | AJ7: =MAX(0,AC7-AB7) -> 2 | AK7: 2 | AL7: =MAX(0,AJ7-AK7) -> 0 | AM7: 200 | AN7: =MAX(0,AL7*AM7) -> 0 | AO7: 0 | AP7: =AO7+AN7+AI7 -> 0
A8: =ROW()-3 -> 5 | B8: 1A | C8: T645CJT | D8: T445CBM-T984DWJ | E8: SALIM ZUBERI ALLY | F8: KOLWEZI | G8: OFFLOADED | H8: 28 | I8: 35000 | J8: 35070 | K8: AN-HDAN | L8: 45890 | M8: ESL | N8: BC Raeda | O8: 45881 | P8: 45907 | Q8: 45892 | R8: 45951 | S8: 45952 | T8: 45956 | U8: 45963 | V8: 45967 | W8: 45967 | X8: 45967 | Y8: 45972 | Z8: 45973 | AA8: 45973 | AB8: 45973 | AC8: 45974 | AD8: COMPLETED | AE8: =MAX(0,Y8-X8) -> 5 | AF8: 7 | AG8: =MAX(0,AE8-AF8) -> 0 | AH8: 200 | AI8: =MAX(0,AG8*AH8) -> 0 | AJ8: =MAX(0,AC8-AB8) -> 1 | AK8: 2 | AL8: =MAX(0,AJ8-AK8) -> 0 | AM8: 200 | AN8: =MAX(0,AL8*AM8) -> 0 | AO8: 0 | AP8: =AO8+AN8+AI8 -> 0
A9: =ROW()-3 -> 6 | B9: 1A | C9: T338EFR | D9: T371CRT-T102DWK | E9: NDANDA MATHIAS GEORGE | F9: KOLWEZI | G9: OFFLOADED | H9: 28 | I9: 35000 | J9: 35070 | K9: AN-HDAN | L9: 45890 | M9: ESL | N9: BC Raeda | O9: 45881 | P9: 45907 | Q9: 45892 | R9: 45951 | S9: 45952 | T9: 45956 | U9: 45965 | V9: 45967 | W9: 45967 | X9: 45967 | Y9: 45970 | Z9: 45970 | AA9: 45971 | AB9: 45972 | AC9: 45972 | AD9: COMPLETED | AE9: =MAX(0,Y9-X9) -> 3 | AF9: 7 | AG9: =MAX(0,AE9-AF9) -> 0 | AH9: 200 | AI9: =MAX(0,AG9*AH9) -> 0 | AJ9: =MAX(0,AC9-AB9) -> 0 | AK9: 2 | AL9: =MAX(0,AJ9-AK9) -> 0 | AM9: 200 | AN9: =MAX(0,AL9*AM9) -> 0 | AP9: =AO9+AN9+AI9 -> 0
A10: =ROW()-3 -> 7 | B10: 1A | C10: T459DMH | D10: T661BAK-T417EFH | E10: AISHA HUSSENI RAMADHANI | F10: KOLWEZI | G10: OFFLOADED | H10: 28 | I10: 35000 | J10: 35070 | K10: AN-HDAN | L10: 45890 | M10: ESL | N10: BC Raeda | O10: 45881 | P10: 45907 | Q10: 45892 | R10: 45951 | S10: 45952 | T10: 45956 | U10: 45958 | V10: 45962 | W10: 45962 | X10: 45962 | Y10: 45966 | Z10: 45966 | AA10: 45967 | AB10: 45968 | AC10: 45971 | AD10: COMPLETED | AE10: =MAX(0,Y10-X10) -> 4 | AF10: 7 | AG10: =MAX(0,AE10-AF10) -> 0 | AH10: 200 | AI10: =MAX(0,AG10*AH10) -> 0 | AJ10: =MAX(0,AC10-AB10) -> 3 | AK10: 2 | AL10: =MAX(0,AJ10-AK10) -> 1 | AM10: 200 | AN10: =MAX(0,AL10*AM10) -> 200 | AO10: 25 | AP10: =AO10+AN10+AI10 -> 225
A11: =ROW()-3 -> 8 | B11: 1A | C11: T599BXN | D11: T186BED-T689DUQ | E11: MAHAMOOD JAPANIS DEVILLIES | F11: KOLWEZI | G11: OFFLOADED | H11: 28 | I11: 35000 | J11: 35070 | K11: AN-HDAN | L11: 45890 | M11: ESL | N11: BC Raeda | O11: 45881 | P11: 45907 | Q11: 45892 | R11: 45951 | S11: 45952 | T11: 45957 | U11: 45963 | V11: 45966 | W11: 45966 | X11: 45966 | Y11: 45967 | Z11: 45967 | AA11: 45968 | AB11: 45968 | AC11: 45969 | AD11: COMPLETED | AE11: =MAX(0,Y11-X11) -> 1 | AF11: 7 | AG11: =MAX(0,AE11-AF11) -> 0 | AH11: 200 | AI11: =MAX(0,AG11*AH11) -> 0 | AJ11: =MAX(0,AC11-AB11) -> 1 | AK11: 2 | AL11: =MAX(0,AJ11-AK11) -> 0 | AM11: 200 | AN11: =MAX(0,AL11*AM11) -> 0 | AO11: 0 | AP11: =AO11+AN11+AI11 -> 0
A12: =ROW()-3 -> 9 | B12: 1A | C12: T935CAS | D12: T118BFS-T408DTF | E12: DANIFRED F DEDU | F12: KOLWEZI | G12: OFFLOADED | H12: 28 | I12: 35000 | J12: 35070 | K12: AN-HDAN | L12: 45890 | M12: ESL | N12: BC Raeda | O12: 45881 | P12: 45907 | Q12: 45892 | R12: 45951 | S12: 45952 | T12: 45956 | U12: 45963 | V12: 45966 | W12: 45966 | X12: 45966 | Y12: 45967 | Z12: 45967 | AA12: 45968 | AB12: 45968 | AC12: 45969 | AD12: COMPLETED | AE12: =MAX(0,Y12-X12) -> 1 | AF12: 7 | AG12: =MAX(0,AE12-AF12) -> 0 | AH12: 200 | AI12: =MAX(0,AG12*AH12) -> 0 | AJ12: =MAX(0,AC12-AB12) -> 1 | AK12: 2 | AL12: =MAX(0,AJ12-AK12) -> 0 | AM12: 200 | AN12: =MAX(0,AL12*AM12) -> 0 | AO12: 0 | AP12: =AO12+AN12+AI12 -> 0
A13: =ROW()-3 -> 10 | B13: 1A | C13: T400DZH | D13: T502BWD-T289EMP | E13: JERRY KALEB MAZENGO | F13: KOLWEZI | G13: OFFLOADED | H13: 28 | I13: 35000 | J13: 35070 | K13: AN-HDAN | L13: 45890 | M13: ESL | N13: BC Raeda | O13: 45881 | P13: 45907 | Q13: 45892 | R13: 45951 | S13: 45952 | T13: 45956 | U13: 45963 | V13: 45966 | W13: 45966 | X13: 45966 | Y13: 45967 | Z13: 45967 | AA13: 45968 | AB13: 45968 | AC13: 45969 | AD13: COMPLETED | AE13: =MAX(0,Y13-X13) -> 1 | AF13: 7 | AG13: =MAX(0,AE13-AF13) -> 0 | AH13: 200 | AI13: =MAX(0,AG13*AH13) -> 0 | AJ13: =MAX(0,AC13-AB13) -> 1 | AK13: 2 | AL13: =MAX(0,AJ13-AK13) -> 0 | AM13: 200 | AN13: =MAX(0,AL13*AM13) -> 0 | AO13: 0 | AP13: =AO13+AN13+AI13 -> 0
A14: =ROW()-3 -> 11 | B14: 1A | C14: T873DRL | D14: T478CRA | E14: CASTORY HENRY MWILAPWA | F14: KOLWEZI | G14: OFFLOADED | H14: 29 | I14: 36250 | J14: 36323 | K14: AN-HDAN | L14: 45890 | M14: ESL | N14: BC Raeda | O14: 45881 | P14: 45907 | Q14: 45892 | R14: 45949 | S14: 45950 | T14: 45953 | U14: 45957 | V14: 45962 | W14: 45962 | X14: 45962 | Y14: 45965 | Z14: 45965 | AA14: 45966 | AB14: 45966 | AC14: 45968 | AD14: COMPLETED | AE14: =MAX(0,Y14-X14) -> 3 | AF14: 7 | AG14: =MAX(0,AE14-AF14) -> 0 | AH14: 200 | AI14: =MAX(0,AG14*AH14) -> 0 | AJ14: =MAX(0,AC14-AB14) -> 2 | AK14: 2 | AL14: =MAX(0,AJ14-AK14) -> 0 | AM14: 200 | AN14: =MAX(0,AL14*AM14) -> 0 | AO14: 25 | AP14: =AO14+AN14+AI14 -> 25
A15: =ROW()-3 -> 12 | B15: 1A | C15: T218EES | D15: T349EGE | E15: ABRAHAM KATINA SHIJA | F15: KOLWEZI | G15: OFFLOADED | H15: 29 | I15: 36250 | J15: 36323 | K15: AN-HDAN | L15: 45890 | M15: ESL | N15: BC Raeda | O15: 45881 | P15: 45907 | Q15: 45892 | R15: 45949 | S15: 45950 | T15: 45953 | U15: 45957 | V15: 45960 | W15: 45960 | X15: 45960 | Y15: 45965 | Z15: 45965 | AA15: 45966 | AB15: 45966 | AC15: 45968 | AD15: COMPLETED | AE15: =MAX(0,Y15-X15) -> 5 | AF15: 7 | AG15: =MAX(0,AE15-AF15) -> 0 | AH15: 200 | AI15: =MAX(0,AG15*AH15) -> 0 | AJ15: =MAX(0,AC15-AB15) -> 2 | AK15: 2 | AL15: =MAX(0,AJ15-AK15) -> 0 | AM15: 200 | AN15: =MAX(0,AL15*AM15) -> 0 | AO15: 50 | AP15: =AO15+AN15+AI15 -> 50
A16: =ROW()-3 -> 13 | B16: 1A | C16: T204DYR | D16: T114DXM-T115DXM | E16: HASSAN YAHAYA MWEKWALUMA | F16: KOLWEZI | G16: OFFLOADED | H16: 29 | I16: 36250 | J16: 36323 | K16: AN-HDAN | L16: 45890 | M16: ESL | N16: BC Raeda | O16: 45881 | P16: 45907 | Q16: 45892 | R16: 45949 | S16: 45950 | T16: 45953 | U16: 45958 | V16: 45961 | W16: 45961 | X16: 45961 | Y16: 45965 | Z16: 45965 | AA16: 45966 | AB16: 45966 | AC16: 45967 | AD16: COMPLETED | AE16: =MAX(0,Y16-X16) -> 4 | AF16: 7 | AG16: =MAX(0,AE16-AF16) -> 0 | AH16: 200 | AI16: =MAX(0,AG16*AH16) -> 0 | AJ16: =MAX(0,AC16-AB16) -> 1 | AK16: 2 | AL16: =MAX(0,AJ16-AK16) -> 0 | AM16: 200 | AN16: =MAX(0,AL16*AM16) -> 0 | AO16: 25 | AP16: =AO16+AN16+AI16 -> 25
A17: =ROW()-3 -> 14 | B17: 1A | C17: T186EES | D17: T682BAK-T416EFH | E17: BOAZI NGAIMISI BAKILA | F17: KOLWEZI | G17: OFFLOADED | H17: 28 | I17: 35000 | J17: 35070 | K17: AN-HDAN | L17: 45890 | M17: ESL | N17: BC Raeda | O17: 45881 | P17: 45907 | Q17: 45892 | R17: 45949 | S17: 45950 | T17: 45953 | U17: 45957 | V17: 45959 | W17: 45959 | X17: 45959 | Y17: 45965 | Z17: 45965 | AA17: 45966 | AB17: 45966 | AC17: 45967 | AD17: COMPLETED | AE17: =MAX(0,Y17-X17) -> 6 | AF17: 7 | AG17: =MAX(0,AE17-AF17) -> 0 | AH17: 200 | AI17: =MAX(0,AG17*AH17) -> 0 | AJ17: =MAX(0,AC17-AB17) -> 1 | AK17: 2 | AL17: =MAX(0,AJ17-AK17) -> 0 | AM17: 200 | AN17: =MAX(0,AL17*AM17) -> 0 | AO17: 50 | AP17: =AO17+AN17+AI17 -> 50
A18: =ROW()-3 -> 15 | B18: 1A | C18: T944DEY | D18: T383DGN | E18: FRANK PAULO CHIWANGO | F18: KOLWEZI | G18: OFFLOADED | H18: 29 | I18: 36250 | J18: 36323 | K18: AN-HDAN | L18: 45890 | M18: ESL | N18: BC Raeda | O18: 45881 | P18: 45907 | Q18: 45892 | R18: 45949 | S18: 45950 | T18: 45953 | U18: 45958 | V18: 45962 | W18: 45962 | X18: 45962 | Y18: 45965 | Z18: 45965 | AA18: 45966 | AB18: 45966 | AC18: 45967 | AD18: COMPLETED | AE18: =MAX(0,Y18-X18) -> 3 | AF18: 7 | AG18: =MAX(0,AE18-AF18) -> 0 | AH18: 200 | AI18: =MAX(0,AG18*AH18) -> 0 | AJ18: =MAX(0,AC18-AB18) -> 1 | AK18: 2 | AL18: =MAX(0,AJ18-AK18) -> 0 | AM18: 200 | AN18: =MAX(0,AL18*AM18) -> 0 | AO18: 0 | AP18: =AO18+AN18+AI18 -> 0
A19: =ROW()-3 -> 16 | B19: 1A | C19: T170EES | D19: T741BYV-T620EFH | E19: ABDILLAH OMARY MNONJI | F19: KOLWEZI | G19: OFFLOADED | H19: 28 | I19: 35000 | J19: 35070 | K19: AN-HDAN | L19: 45890 | M19: ESL | N19: BC Raeda | O19: 45881 | P19: 45907 | Q19: 45892 | R19: 45949 | S19: 45950 | T19: 45953 | U19: 45958 | V19: 45962 | W19: 45962 | X19: 45962 | Y19: 45965 | Z19: 45965 | AA19: 45966 | AB19: 45966 | AC19: 45967 | AD19: COMPLETED | AE19: =MAX(0,Y19-X19) -> 3 | AF19: 7 | AG19: =MAX(0,AE19-AF19) -> 0 | AH19: 200 | AI19: =MAX(0,AG19*AH19) -> 0 | AJ19: =MAX(0,AC19-AB19) -> 1 | AK19: 2 | AL19: =MAX(0,AJ19-AK19) -> 0 | AM19: 200 | AN19: =MAX(0,AL19*AM19) -> 0 | AO19: 0 | AP19: =AO19+AN19+AI19 -> 0
A20: =ROW()-3 -> 17 | B20: 1A | C20: T625BVP | D20: T419CRA-T952DWJ | E20: JUMA HUSSEIN CHOVU | F20: KOLWEZI | G20: OFFLOADED | H20: 28 | I20: 35000 | J20: 35070 | K20: AN-HDAN | L20: 45890 | M20: ESL | N20: BC Raeda | O20: 45881 | P20: 45907 | Q20: 45892 | R20: 45949 | S20: 45950 | T20: 45953 | U20: 45958 | V20: 45960 | W20: 45960 | X20: 45960 | Y20: 45965 | Z20: 45965 | AA20: 45966 | AB20: 45966 | AC20: 45967 | AD20: COMPLETED | AE20: =MAX(0,Y20-X20) -> 5 | AF20: 7 | AG20: =MAX(0,AE20-AF20) -> 0 | AH20: 200 | AI20: =MAX(0,AG20*AH20) -> 0 | AJ20: =MAX(0,AC20-AB20) -> 1 | AK20: 2 | AL20: =MAX(0,AJ20-AK20) -> 0 | AM20: 200 | AN20: =MAX(0,AL20*AM20) -> 0 | AO20: 25 | AP20: =AO20+AN20+AI20 -> 25
A21: =ROW()-3 -> 18 | B21: 1A | C21: T355DZH | D21: T541BYZ-T219EMP | E21: CHARLES OMARI NYATEGA | F21: KOLWEZI | G21: OFFLOADED | H21: 28 | I21: 35000 | J21: 35070 | K21: AN-HDAN | L21: 45890 | M21: ESL | N21: BC Raeda | O21: 45881 | P21: 45907 | Q21: 45892 | R21: 45951 | S21: 45952 | T21: 45956 | U21: 45957 | V21: 45959 | W21: 45959 | X21: 45959 | Y21: 45963 | Z21: 45964 | AA21: 45964 | AB21: 45964 | AC21: 45965 | AD21: COMPLETED | AE21: =MAX(0,Y21-X21) -> 4 | AF21: 7 | AG21: =MAX(0,AE21-AF21) -> 0 | AH21: 200 | AI21: =MAX(0,AG21*AH21) -> 0 | AJ21: =MAX(0,AC21-AB21) -> 1 | AK21: 2 | AL21: =MAX(0,AJ21-AK21) -> 0 | AM21: 200 | AN21: =MAX(0,AL21*AM21) -> 0 | AP21: =AO21+AN21+AI21 -> 0
AE22: =MAX(0,Y22-X22) -> 0 | AF22: 7 | AG22: =MAX(0,AE22-AF22) -> 0 | AH22: 200 | AI22: =MAX(0,AG22*AH22) -> 0 | AJ22: =MAX(0,AC22-AB22) -> 0 | AK22: 2 | AL22: =MAX(0,AJ22-AK22) -> 0 | AM22: 200 | AN22: =MAX(0,AL22*AM22) -> 0 | AP22: =AO22+AN22+AI22 -> 0
AE23: =MAX(0,Y23-X23) -> 0 | AF23: 7 | AG23: =MAX(0,AE23-AF23) -> 0 | AH23: 200 | AI23: =MAX(0,AG23*AH23) -> 0 | AJ23: =MAX(0,AC23-AB23) -> 0 | AK23: 2 | AL23: =MAX(0,AJ23-AK23) -> 0 | AM23: 200 | AN23: =MAX(0,AL23*AM23) -> 0 | AP23: =AO23+AN23+AI23 -> 0
AE24: =MAX(0,Y24-X24) -> 0 | AF24: 7 | AG24: =MAX(0,AE24-AF24) -> 0 | AH24: 200 | AI24: =MAX(0,AG24*AH24) -> 0 | AJ24: =MAX(0,AC24-AB24) -> 0 | AK24: 2 | AL24: =MAX(0,AJ24-AK24) -> 0 | AM24: 200 | AN24: =MAX(0,AL24*AM24) -> 0 | AP24: =AO24+AN24+AI24 -> 0
AE25: =MAX(0,Y25-X25) -> 0 | AF25: 7 | AG25: =MAX(0,AE25-AF25) -> 0 | AH25: 200 | AI25: =MAX(0,AG25*AH25) -> 0 | AJ25: =MAX(0,AC25-AB25) -> 0 | AK25: 2 | AL25: =MAX(0,AJ25-AK25) -> 0 | AM25: 200 | AN25: =MAX(0,AL25*AM25) -> 0 | AP25: =AO25+AN25+AI25 -> 0
AE26: =MAX(0,Y26-X26) -> 0 | AF26: 7 | AG26: =MAX(0,AE26-AF26) -> 0 | AH26: 200 | AI26: =MAX(0,AG26*AH26) -> 0 | AJ26: =MAX(0,AC26-AB26) -> 0 | AK26: 2 | AL26: =MAX(0,AJ26-AK26) -> 0 | AM26: 200 | AN26: =MAX(0,AL26*AM26) -> 0 | AP26: =AO26+AN26+AI26 -> 0
AE27: =MAX(0,Y27-X27) -> 0 | AF27: 7 | AG27: =MAX(0,AE27-AF27) -> 0 | AH27: 200 | AI27: =MAX(0,AG27*AH27) -> 0 | AJ27: =MAX(0,AC27-AB27) -> 0 | AK27: 2 | AL27: =MAX(0,AJ27-AK27) -> 0 | AM27: 200 | AN27: =MAX(0,AL27*AM27) -> 0 | AP27: =AO27+AN27+AI27 -> 0
AE28: =MAX(0,Y28-X28) -> 0 | AF28: 7 | AG28: =MAX(0,AE28-AF28) -> 0 | AH28: 200 | AI28: =MAX(0,AG28*AH28) -> 0 | AJ28: =MAX(0,AC28-AB28) -> 0 | AK28: 2 | AL28: =MAX(0,AJ28-AK28) -> 0 | AM28: 200 | AN28: =MAX(0,AL28*AM28) -> 0 | AP28: =AO28+AN28+AI28 -> 0
AE29: =MAX(0,Y29-X29) -> 0 | AF29: 7 | AG29: =MAX(0,AE29-AF29) -> 0 | AH29: 200 | AI29: =MAX(0,AG29*AH29) -> 0 | AJ29: =MAX(0,AC29-AB29) -> 0 | AK29: 2 | AL29: =MAX(0,AJ29-AK29) -> 0 | AM29: 200 | AN29: =MAX(0,AL29*AM29) -> 0 | AP29: =AO29+AN29+AI29 -> 0
AE30: =MAX(0,Y30-X30) -> 0 | AF30: 7 | AG30: =MAX(0,AE30-AF30) -> 0 | AH30: 200 | AI30: =MAX(0,AG30*AH30) -> 0 | AJ30: =MAX(0,AC30-AB30) -> 0 | AK30: 2 | AL30: =MAX(0,AJ30-AK30) -> 0 | AM30: 200 | AN30: =MAX(0,AL30*AM30) -> 0 | AP30: =AO30+AN30+AI30 -> 0
AE31: =MAX(0,Y31-X31) -> 0 | AF31: 7 | AG31: =MAX(0,AE31-AF31) -> 0 | AH31: 200 | AI31: =MAX(0,AG31*AH31) -> 0 | AJ31: =MAX(0,AC31-AB31) -> 0 | AK31: 2 | AL31: =MAX(0,AJ31-AK31) -> 0 | AM31: 200 | AN31: =MAX(0,AL31*AM31) -> 0 | AP31: =AO31+AN31+AI31 -> 0
AE32: =MAX(0,Y32-X32) -> 0 | AF32: 7 | AG32: =MAX(0,AE32-AF32) -> 0 | AH32: 200 | AI32: =MAX(0,AG32*AH32) -> 0 | AJ32: =MAX(0,AC32-AB32) -> 0 | AK32: 2 | AL32: =MAX(0,AJ32-AK32) -> 0 | AM32: 200 | AN32: =MAX(0,AL32*AM32) -> 0 | AP32: =AO32+AN32+AI32 -> 0
AE33: =MAX(0,Y33-X33) -> 0 | AF33: 7 | AG33: =MAX(0,AE33-AF33) -> 0 | AH33: 200 | AI33: =MAX(0,AG33*AH33) -> 0 | AJ33: =MAX(0,AC33-AB33) -> 0 | AK33: 2 | AL33: =MAX(0,AJ33-AK33) -> 0 | AM33: 200 | AN33: =MAX(0,AL33*AM33) -> 0 | AP33: =AO33+AN33+AI33 -> 0
... AE35: =MAX(0,Y35-X35) -> 0 | AF35: 7 | AG35: =MAX(0,AE35-AF35) -> 0 | AH35: 200 | AI35: =MAX(0,AG35*AH35) -> 0 | AJ35: =MAX(0,AC35-AB35) -> 0 | AK35: 2 | AL35: =MAX(0,AJ35-AK35) -> 0 | AM35: 200 | AN35: =MAX(0,AL35*AM35) -> 0 | AP35: =AO35+AN35+AI35 -> 0

Sheet BL-1A-Likasi
A1: DAILY TRACKING REPORT - FORWARDING | E1: =TODAY() -> 46045 | F1: BC RAEDA | G1: H-DAN | H1: 3992 | I1: 4990 | J1: 5003.991 | M1: GT OCEAN TRANSPORTATION LIMITED | T1: GT OCEAN TRANSPORTATION LIMITED | AB1: GT OCEAN TRANSPORTATION LIMITED | AN1: Total Amount
A2: 序号 | B2: 提单号 | C2: 卡车牌号 | D2: 拖车牌号 | E2: 司机姓名 | F2: 目的地 | G2: 当前位置 | H2: 吨袋/bags | I2: 净重/N.W. | J2: 毛重/G.W. | L2: 文件接收 | M2: 船司 | N2: 船名 | O2: 预计抵港 | P2: 实际靠泊 | Q2: 船司放行 | R2: 装运时间 | S2: 起运时间 | T2: 到达TUNDUMA | U2: NAKONDE出发 | V2: 到达卡松ZAMBIA | W2: 卡松ZAMBIA出发 | X2: 到达卡松DRC | Y2: 卡松出发DRC | AB2: 到达目的地 | AC2: 卸货时间 | AD2: 备注 | AE2: Border Delays | AI2: =SUM(AI37:AI134) -> 11400 | AJ2: Offloading Delays | AN2: =SUM(AN37:AN134) -> 2800 | AO2: =SUM(AO37:AO134) -> 1800 | AP2: =SUM(AI2:AO2) -> 16000
A3: No. | B3: B/L | C3: TRUCK NUMBER | D3: TRAILER NUMBER | E3: DRIVER NAME | F3: FINAL DESTINATION | G3: TRUCK POSITION | H3: =SUM(H4:H232) -> 2024 | I3: =SUM(I4:I232)/1000 -> 2527.175 | J3: =SUM(J4:J232)/1000 -> 2798.254 | K3: HDAN | L3: DOCUMENTS RECEIVED | M3: SHIPPING LINE | N3: VESSEL | O3: ETA | P3: ATB | Q3: LINE RELEASE | R3: DATE LOADED | S3: DISPATCH DATE | T3: ARRIVED TUNDUMA BORDER | U3: DEPARTED NAKONDE | V3: K-LESA ZAMBIA ARRIVED | W3: K-LESA ZAMBIA DEPARTED | X3: K-LESA DRC ARRIVED | Y3: K-LESA DRC DEPARTED | Z3: L-MBASHI ARRIVED | AA3: DEPARTED L-MBASHI | AB3: ARRIVED DESTINATION | AC3: OFFLOADED | AD3: COMMENTS | AE3: Border Days | AF3: Free days | AG3: Chargable Days | AH3: Chargable Rate | AI3: Border Delays Amt | AJ3: Offloading Days | AK3: Free days | AL3: Chargable Days | AM3: Chargable Rate | AN3: Offloading Delays Amt | AO3: Parking Charges Amount | AP3: TOTAL
A4: =ROW()-3 -> 1 | B4: 1A | C4: T477DZH | D4: T334EBB-T566EBB | E4: JUMA FESTO PHINIAS | F4: LIKASI /SICODEX | G4: OFFLOADED | H4: 28 | I4: 35000 | J4: 35070 | K4: AN-HDAN | L4: 45890 | M4: ESL | N4: BC Raeda | O4: 45881 | P4: 45907 | Q4: 45892 | R4: 46002 | S4: 46004 | T4: 46008 | U4: 46013 | V4: 46016 | W4: 46016 | X4: 46016 | Y4: 46022 | Z4: 46022 | AA4: 46023 | AB4: 46023 | AC4: 46025 | AD4: COMPLETED | AE4: =MAX(0,Y4-X4) -> 6 | AF4: 7 | AG4: =MAX(0,AE4-AF4) -> 0 | AH4: 200 | AI4: =MAX(0,AG4*AH4) -> 0 | AJ4: =MAX(0,AC4-AB4) -> 2 | AK4: 2 | AL4: =MAX(0,AJ4-AK4) -> 0 | AM4: 200 | AN4: =MAX(0,AL4*AM4) -> 0 | AP4: =AO4+AN4+AI4 -> 0
A5: =ROW()-3 -> 2 | B5: 1A | C5: T203DYR | D5: T772AHL-T948DWJ | E5: CHESKO CHUMILA NGWETA | F5: LIKASI /SICODEX | G5: OFFLOADED | H5: 28 | I5: 35000 | J5: 35070 | K5: AN-HDAN | L5: 45890 | M5: ESL | N5: BC Raeda | O5: 45881 | P5: 45907 | Q5: 45892 | R5: 46002 | S5: 46004 | T5: 46008 | U5: 46013 | V5: 46015 | W5: 46015 | X5: 46015 | Y5: 46022 | Z5: 46022 | AA5: 46023 | AB5: 46023 | AC5: 46025 | AD5: COMPLETED | AE5: =MAX(0,Y5-X5) -> 7 | AF5: 7 | AG5: =MAX(0,AE5-AF5) -> 0 | AH5: 200 | AI5: =MAX(0,AG5*AH5) -> 0 | AJ5: =MAX(0,AC5-AB5) -> 2 | AK5: 2 | AL5: =MAX(0,AJ5-AK5) -> 0 | AM5: 200 | AN5: =MAX(0,AL5*AM5) -> 0 | AP5: =AO5+AN5+AI5 -> 0
A6: =ROW()-3 -> 3 | B6: 1A | C6: T400DZH | D6: T502BWD-T289EMP | E6: JERRY KALEB MAZENGO | F6: LIKASI /SICODEX | G6: OFFLOADED | H6: 28 | I6: 35000 | J6: 35070 | K6: AN-HDAN | L6: 45890 | M6: ESL | N6: BC Raeda | O6: 45881 | P6: 45907 | Q6: 45892 | R6: 46002 | S6: 46004 | T6: 46008 | U6: 46012 | V6: 46014 | W6: 46014 | X6: 46014 | Y6: 46021 | Z6: 46021 | AA6: 46022 | AB6: 46022 | AC6: 46024 | AD6: COMPLETED | AE6: =MAX(0,Y6-X6) -> 7 | AF6: 7 | AG6: =MAX(0,AE6-AF6) -> 0 | AH6: 200 | AI6: =MAX(0,AG6*AH6) -> 0 | AJ6: =MAX(0,AC6-AB6) -> 2 | AK6: 2 | AL6: =MAX(0,AJ6-AK6) -> 0 | AM6: 200 | AN6: =MAX(0,AL6*AM6) -> 0 | AP6: =AO6+AN6+AI6 -> 0
A7: =ROW()-3 -> 4 | B7: 1A | C7: T340DWZ | D7: T112DXM-T113DXM | E7: DAVID JOSEPH MALIMI | F7: LIKASI /SICODEX | G7: OFFLOADED | H7: 29 | I7: 35000 | J7: 35070 | K7: AN-HDAN | L7: 45890 | M7: ESL | N7: BC Raeda | O7: 45881 | P7: 45907 | Q7: 45892 | R7: 46002 | S7: 46004 | T7: 46008 | U7: 46012 | V7: 46016 | W7: 46016 | X7: 46016 | Y7: 46021 | Z7: 46021 | AA7: 46022 | AB7: 46022 | AC7: 46024 | AD7: COMPLETED | AE7: =MAX(0,Y7-X7) -> 5 | AF7: 7 | AG7: =MAX(0,AE7-AF7) -> 0 | AH7: 200 | AI7: =MAX(0,AG7*AH7) -> 0 | AJ7: =MAX(0,AC7-AB7) -> 2 | AK7: 2 | AL7: =MAX(0,AJ7-AK7) -> 0 | AM7: 200 | AN7: =MAX(0,AL7*AM7) -> 0 | AO7: 0 | AP7: =AO7+AN7+AI7 -> 0
A8: =ROW()-3 -> 5 | B8: 1A | C8: T346DWZ | D8: T108DXM-T109DXM | E8: ABASI MOHAMED MMINGE | F8: LIKASI /SICODEX | G8: OFFLOADED | H8: 29 | I8: 36250 | J8: 36323 | K8: AN-HDAN | L8: 45890 | M8: ESL | N8: BC Raeda | O8: 45881 | P8: 45907 | Q8: 45892 | R8: 46002 | S8: 46004 | T8: 46008 | U8: 46012 | V8: 46015 | W8: 46015 | X8: 46015 | Y8: 46021 | Z8: 46021 | AA8: 46022 | AB8: 46022 | AC8: 46024 | AD8: COMPLETED | AE8: =MAX(0,Y8-X8) -> 6 | AF8: 7 | AG8: =MAX(0,AE8-AF8) -> 0 | AH8: 200 | AI8: =MAX(0,AG8*AH8) -> 0 | AJ8: =MAX(0,AC8-AB8) -> 2 | AK8: 2 | AL8: =MAX(0,AJ8-AK8) -> 0 | AM8: 200 | AN8: =MAX(0,AL8*AM8) -> 0 | AO8: 0 | AP8: =AO8+AN8+AI8 -> 0
A9: =ROW()-3 -> 6 | B9: 1A | C9: T640EHZ | D9: T728EHV-T129DUG | E9: OMARY JUMA BODE | F9: LIKASI /SICODEX | G9: OFFLOADED | H9: 28 | I9: 35070 | J9: 56000 | K9: AN-HDAN | L9: 45890 | M9: ESL | N9: BC Raeda | O9: 45881 | P9: 45907 | Q9: 45892 | R9: 45999 | S9: 46004 | T9: 46008 | U9: 46012 | V9: 46015 | W9: 46015 | X9: 46015 | Y9: 46021 | Z9: 46021 | AA9: 46022 | AB9: 46022 | AC9: 46024 | AD9: COMPLETED | AE9: =MAX(0,Y9-X9) -> 6 | AF9: 7 | AG9: =MAX(0,AE9-AF9) -> 0 | AH9: 200 | AI9: =MAX(0,AG9*AH9) -> 0 | AJ9: =MAX(0,AC9-AB9) -> 2 | AK9: 2 | AL9: =MAX(0,AJ9-AK9) -> 0 | AM9: 200 | AN9: =MAX(0,AL9*AM9) -> 0 | AO9: 0 | AP9: =AO9+AN9+AI9 -> 0
A10: =ROW()-3 -> 7 | B10: 1A | C10: T147EES | D10: T197CVF-T956DWJ | E10: PHILEMON JOHN NDAKI | F10: LIKASI /SICODEX | G10: OFFLOADED | H10: 28 | I10: 35000 | J10: 35070 | K10: AN-HDAN | L10: 45890 | M10: ESL | N10: BC Raeda | O10: 45881 | P10: 45907 | Q10: 45892 | R10: 46002 | S10: 46004 | T10: 46008 | U10: 46012 | V10: 46015 | W10: 46015 | X10: 46015 | Y10: 46021 | Z10: 46021 | AA10: 46021 | AB10: 46021 | AC10: 46023 | AD10: COMPLETED | AE10: =MAX(0,Y10-X10) -> 6 | AF10: 7 | AG10: =MAX(0,AE10-AF10) -> 0 | AH10: 200 | AI10: =MAX(0,AG10*AH10) -> 0 | AJ10: =MAX(0,AC10-AB10) -> 2 | AK10: 2 | AL10: =MAX(0,AJ10-AK10) -> 0 | AM10: 200 | AN10: =MAX(0,AL10*AM10) -> 0 | AO10: 0 | AP10: =AO10+AN10+AI10 -> 0
A11: =ROW()-3 -> 8 | B11: 1A | C11: T879EBS | D11: T969EBC-T548EBB | E11: DENIS MWEMEZI THOMAS | F11: LIKASI /SICODEX | G11: OFFLOADED | H11: 29 | I11: 36323 | J11: 56000 | K11: AN-HDAN | L11: 45890 | M11: ESL | N11: BC Raeda | O11: 45881 | P11: 45907 | Q11: 45892 | R11: 45999 | S11: 46002 | T11: 46005 | U11: 46008 | V11: 46011 | W11: 46011 | X11: 46011 | Y11: 46013 | Z11: 46020 | AA11: 46021 | AB11: 46021 | AC11: 46022 | AD11: COMPLETED | AE11: =MAX(0,Y11-X11) -> 2 | AF11: 7 | AG11: =MAX(0,AE11-AF11) -> 0 | AH11: 200 | AI11: =MAX(0,AG11*AH11) -> 0 | AJ11: =MAX(0,AC11-AB11) -> 1 | AK11: 2 | AL11: =MAX(0,AJ11-AK11) -> 0 | AM11: 200 | AN11: =MAX(0,AL11*AM11) -> 0 | AO11: 0 | AP11: =AO11+AN11+AI11 -> 0
A12: =ROW()-3 -> 9 | B12: 1A | C12: T934DEY | D12: T344DEX | E12: SHABANI JUMA KINUNDA | F12: LIKASI /SICODEX | G12: OFFLOADED | H12: 29 | I12: 36250 | J12: 36323 | K12: AN-HDAN | L12: 45890 | M12: ESL | N12: BC Raeda | O12: 45881 | P12: 45907 | Q12: 45892 | R12: 46002 | S12: 46004 | T12: 46008 | U12: 46013 | V12: 46016 | W12: 46016 | X12: 46016 | Y12: 46018 | Z12: 46019 | AA12: 46020 | AB12: 46020 | AC12: 46022 | AD12: COMPLETED | AE12: =MAX(0,Y12-X12) -> 2 | AF12: 7 | AG12: =MAX(0,AE12-AF12) -> 0 | AH12: 200 | AI12: =MAX(0,AG12*AH12) -> 0 | AJ12: =MAX(0,AC12-AB12) -> 2 | AK12: 2 | AL12: =MAX(0,AJ12-AK12) -> 0 | AM12: 200 | AN12: =MAX(0,AL12*AM12) -> 0 | AO12: 0 | AP12: =AO12+AN12+AI12 -> 0
A13: =ROW()-3 -> 10 | B13: 1A | C13: T676BXN | D13: T156BZX-T537EFH | E13: PRINCHIPATUS ALLY FUNGAMEZA | F13: LIKASI /SICODEX | G13: OFFLOADED | H13: 28 | I13: 35000 | J13: 35070 | K13: AN-HDAN | L13: 45890 | M13: ESL | N13: BC Raeda | O13: 45881 | P13: 45907 | Q13: 45892 | R13: 46002 | S13: 46004 | T13: 46008 | U13: 46013 | V13: 46016 | W13: 46016 | X13: 46016 | Y13: 46019 | Z13: 46019 | AA13: 46020 | AB13: 46020 | AC13: 46022 | AD13: COMPLETED | AE13: =MAX(0,Y13-X13) -> 3 | AF13: 7 | AG13: =MAX(0,AE13-AF13) -> 0 | AH13: 200 | AI13: =MAX(0,AG13*AH13) -> 0 | AJ13: =MAX(0,AC13-AB13) -> 2 | AK13: 2 | AL13: =MAX(0,AJ13-AK13) -> 0 | AM13: 200 | AN13: =MAX(0,AL13*AM13) -> 0 | AO13: 0 | AP13: =AO13+AN13+AI13 -> 0
A14: =ROW()-3 -> 11 | B14: 1A | C14: T869DRL | D14: T396DRY | E14: WILSON REVERIANI NGAIZA | F14: LIKASI /SICODEX | G14: OFFLOADED | H14: 29 | I14: 36323 | J14: 56000 | K14: AN-HDAN | L14: 45890 | M14: ESL | N14: BC Raeda | O14: 45881 | P14: 45907 | Q14: 45892 | R14: 45999 | S14: 46002 | T14: 46005 | U14: 46011 | V14: 46013 | W14: 46013 | X14: 46013 | Y14: 46018 | Z14: 46019 | AA14: 46020 | AB14: 46020 | AC14: 46022 | AD14: COMPLETED | AE14: =MAX(0,Y14-X14) -> 5 | AF14: 7 | AG14: =MAX(0,AE14-AF14) -> 0 | AH14: 200 | AI14: =MAX(0,AG14*AH14) -> 0 | AJ14: =MAX(0,AC14-AB14) -> 2 | AK14: 2 | AL14: =MAX(0,AJ14-AK14) -> 0 | AM14: 200 | AN14: =MAX(0,AL14*AM14) -> 0 | AO14: 0 | AP14: =AO14+AN14+AI14 -> 0
A15: =ROW()-3 -> 12 | B15: 1A | C15: T625BVP | D15: T419CRA-T952DWJ | E15: JUMA HUSSEIN CHOVU | F15: LIKASI /SICODEX | G15: OFFLOADED | H15: 28 | I15: 35000 | J15: 35070 | K15: AN-HDAN | L15: 45890 | M15: ESL | N15: BC Raeda | O15: 45881 | P15: 45907 | Q15: 45892 | R15: 46002 | S15: 46004 | T15: 46008 | U15: 46011 | V15: 46013 | W15: 46013 | X15: 46013 | Y15: 46019 | Z15: 46019 | AA15: 46020 | AB15: 46020 | AC15: 46022 | AD15: COMPLETED | AE15: =MAX(0,Y15-X15) -> 6 | AF15: 7 | AG15: =MAX(0,AE15-AF15) -> 0 | AH15: 200 | AI15: =MAX(0,AG15*AH15) -> 0 | AJ15: =MAX(0,AC15-AB15) -> 2 | AK15: 2 | AL15: =MAX(0,AJ15-AK15) -> 0 | AM15: 200 | AN15: =MAX(0,AL15*AM15) -> 0 | AP15: =AO15+AN15+AI15 -> 0
A16: =ROW()-3 -> 13 | B16: 1A | C16: T447EFR | D16: T239EFX-T315EFX | E16: EMANUEL ANDELILE MSUSI | F16: LIKASI /SICODEX | G16: OFFLOADED | H16: 28 | I16: 35070 | J16: 56000 | K16: AN-HDAN | L16: 45890 | M16: ESL | N16: BC Raeda | O16: 45881 | P16: 45907 | Q16: 45892 | R16: 45999 | S16: 46002 | T16: 46005 | U16: 46008 | V16: 46012 | W16: 46012 | X16: 46012 | Y16: 46018 | Z16: 46019 | AA16: 46020 | AB16: 46020 | AC16: 46022 | AD16: COMPLETED | AE16: =MAX(0,Y16-X16) -> 6 | AF16: 7 | AG16: =MAX(0,AE16-AF16) -> 0 | AH16: 200 | AI16: =MAX(0,AG16*AH16) -> 0 | AJ16: =MAX(0,AC16-AB16) -> 2 | AK16: 2 | AL16: =MAX(0,AJ16-AK16) -> 0 | AM16: 200 | AN16: =MAX(0,AL16*AM16) -> 0 | AO16: 25 | AP16: =AO16+AN16+AI16 -> 25
A17: =ROW()-3 -> 14 | B17: 1A | C17: T884EBS | D17: T962EBC-T553EBB | E17: KAMEHA KENEDY CHALO | F17: LIKASI /SICODEX | G17: OFFLOADED | H17: 28 | I17: 35000 | J17: 35070 | K17: AN-HDAN | L17: 45890 | M17: ESL | N17: BC Raeda | O17: 45881 | P17: 45907 | Q17: 45892 | R17: 46002 | S17: 46002 | T17: 46005 | U17: 46013 | V17: 46015 | W17: 46015 | X17: 46015 | Y17: 46018 | Z17: 46018 | AA17: 46019 | AB17: 46019 | AC17: 46022 | AD17: COMPLETED | AE17: =MAX(0,Y17-X17) -> 3 | AF17: 7 | AG17: =MAX(0,AE17-AF17) -> 0 | AH17: 200 | AI17: =MAX(0,AG17*AH17) -> 0 | AJ17: =MAX(0,AC17-AB17) -> 3 | AK17: 2 | AL17: =MAX(0,AJ17-AK17) -> 1 | AM17: 200 | AN17: =MAX(0,AL17*AM17) -> 200 | AP17: =AO17+AN17+AI17 -> 200
A18: =ROW()-3 -> 15 | B18: 1A | C18: T514BXN | D18: T863CBB-T513EFH | E18: GODWIN KOSAM SAMPAMBA | F18: LIKASI /SICODEX | G18: OFFLOADED | H18: 28 | I18: 35000 | J18: 35070 | K18: AN-HDAN | L18: 45890 | M18: ESL | N18: BC Raeda | O18: 45881 | P18: 45907 | Q18: 45892 | R18: 46001 | S18: 46004 | T18: 46008 | U18: 46011 | V18: 46015 | W18: 46015 | X18: 46015 | Y18: 46018 | Z18: 46018 | AA18: 46019 | AB18: 46019 | AC18: 46022 | AD18: COMPLETED | AE18: =MAX(0,Y18-X18) -> 3 | AF18: 7 | AG18: =MAX(0,AE18-AF18) -> 0 | AH18: 200 | AI18: =MAX(0,AG18*AH18) -> 0 | AJ18: =MAX(0,AC18-AB18) -> 3 | AK18: 2 | AL18: =MAX(0,AJ18-AK18) -> 1 | AM18: 200 | AN18: =MAX(0,AL18*AM18) -> 200 | AP18: =AO18+AN18+AI18 -> 200
A19: =ROW()-3 -> 16 | B19: 1A | C19: T480DZH | D19: T202DZH-T856DZG | E19: PETER ERNEST JOSEPH | F19: LIKASI /SICODEX | G19: OFFLOADED | H19: 29 | I19: 36323 | J19: 56000 | K19: AN-HDAN | L19: 45890 | M19: ESL | N19: BC Raeda | O19: 45881 | P19: 45907 | Q19: 45892 | R19: 45999 | S19: 46002 | T19: 46005 | U19: 46013 | V19: 46015 | W19: 46015 | X19: 46015 | Y19: 46018 | Z19: 46018 | AA19: 46019 | AB19: 46019 | AC19: 46022 | AD19: COMPLETED | AE19: =MAX(0,Y19-X19) -> 3 | AF19: 7 | AG19: =MAX(0,AE19-AF19) -> 0 | AH19: 200 | AI19: =MAX(0,AG19*AH19) -> 0 | AJ19: =MAX(0,AC19-AB19) -> 3 | AK19: 2 | AL19: =MAX(0,AJ19-AK19) -> 1 | AM19: 200 | AN19: =MAX(0,AL19*AM19) -> 200 | AO19: 0 | AP19: =AO19+AN19+AI19 -> 200
A20: =ROW()-3 -> 17 | B20: 1A | C20: T628DPW | D20: T977ASG | E20: MARTIN HERI NGOCHELO | F20: LIKASI /SICODEX | G20: OFFLOADED | H20: 24 | I20: 30000 | J20: 30084 | K20: AN-HDAN | L20: 45890 | M20: ESL | N20: BC Raeda | O20: 45881 | P20: 45907 | Q20: 45892 | R20: 46004 | S20: 46005 | T20: 46009 | U20: 46012 | V20: 46015 | W20: 46015 | X20: 46015 | Y20: 46017 | Z20: 46019 | AA20: 46020 | AB20: 46020 | AC20: 46022 | AD20: COMPLETED | AE20: =MAX(0,Y20-X20) -> 2 | AF20: 7 | AG20: =MAX(0,AE20-AF20) -> 0 | AH20: 200 | AI20: =MAX(0,AG20*AH20) -> 0 | AJ20: =MAX(0,AC20-AB20) -> 2 | AK20: 2 | AL20: =MAX(0,AJ20-AK20) -> 0 | AM20: 200 | AN20: =MAX(0,AL20*AM20) -> 0 | AO20: 0 | AP20: =AO20+AN20+AI20 -> 0
A21: =ROW()-3 -> 18 | B21: 1A | C21: T890CQL | D21: T873CBB-T940DWJ | E21: MASHANGO SIFFA MTENDA | F21: LIKASI /SICODEX | G21: OFFLOADED | H21: 28 | I21: 35000 | J21: 35070 | K21: AN-HDAN | L21: 45890 | M21: ESL | N21: BC Raeda | O21: 45881 | P21: 45907 | Q21: 45892 | R21: 46002 | S21: 46002 | T21: 46005 | U21: 46008 | V21: 46012 | W21: 46012 | X21: 46012 | Y21: 46014 | Z21: 46015 | AA21: 46015 | AB21: 46015 | AC21: 46018 | AD21: COMPLETED | AE21: =MAX(0,Y21-X21) -> 2 | AF21: 7 | AG21: =MAX(0,AE21-AF21) -> 0 | AH21: 200 | AI21: =MAX(0,AG21*AH21) -> 0 | AJ21: =MAX(0,AC21-AB21) -> 3 | AK21: 2 | AL21: =MAX(0,AJ21-AK21) -> 1 | AM21: 200 | AN21: =MAX(0,AL21*AM21) -> 200 | AP21: =AO21+AN21+AI21 -> 200
A22: =ROW()-3 -> 19 | B22: 1A | C22: T307DRF | D22: T494DCA | E22: MAGANGA EMMANUEL | F22: LIKASI /SICODEX | G22: OFFLOADED | H22: 29 | I22: 36250 | J22: 36323 | K22: AN-HDAN | L22: 45890 | M22: ESL | N22: BC Raeda | O22: 45881 | P22: 45907 | Q22: 45892 | R22: 46002 | S22: 46002 | T22: 46005 | U22: 46009 | V22: 46012 | W22: 46012 | X22: 46012 | Y22: 46014 | Z22: 46015 | AA22: 46015 | AB22: 46015 | AC22: 46018 | AD22: COMPLETED | AE22: =MAX(0,Y22-X22) -> 2 | AF22: 7 | AG22: =MAX(0,AE22-AF22) -> 0 | AH22: 200 | AI22: =MAX(0,AG22*AH22) -> 0 | AJ22: =MAX(0,AC22-AB22) -> 3 | AK22: 2 | AL22: =MAX(0,AJ22-AK22) -> 1 | AM22: 200 | AN22: =MAX(0,AL22*AM22) -> 200 | AP22: =AO22+AN22+AI22 -> 200
A23: =ROW()-3 -> 20 | B23: 1A | C23: T854EBS | D23: T965EBC-T552EBB | E23: PETER FANO KAZUNGU | F23: LIKASI /SICODEX | G23: OFFLOADED | H23: 29 | I23: 36250 | J23: 36323 | K23: AN-HDAN | L23: 45890 | M23: ESL | N23: BC Raeda | O23: 45881 | P23: 45907 | Q23: 45892 | R23: 46002 | S23: 46002 | T23: 46005 | U23: 46008 | V23: 46012 | W23: 46012 | X23: 46012 | Y23: 46015 | Z23: 46015 | AA23: 46015 | AB23: 46015 | AC23: 46018 | AD23: COMPLETED | AE23: =MAX(0,Y23-X23) -> 3 | AF23: 7 | AG23: =MAX(0,AE23-AF23) -> 0 | AH23: 200 | AI23: =MAX(0,AG23*AH23) -> 0 | AJ23: =MAX(0,AC23-AB23) -> 3 | AK23: 2 | AL23: =MAX(0,AJ23-AK23) -> 1 | AM23: 200 | AN23: =MAX(0,AL23*AM23) -> 200 | AP23: =AO23+AN23+AI23 -> 200
A24: =ROW()-3 -> 21 | B24: 1A | C24: T449EFR | D24: T290EFX-T294EFX | E24: AGUSTINO SHIJA SWEKHE | F24: LIKASI /SICODEX | G24: OFFLOADED | H24: 28 | I24: 35000 | J24: 35070 | K24: AN-HDAN | L24: 45890 | M24: ESL | N24: BC Raeda | O24: 45881 | P24: 45907 | Q24: 45892 | R24: 46002 | S24: 46002 | T24: 46005 | U24: 46008 | V24: 46012 | W24: 46012 | X24: 46012 | Y24: 46015 | Z24: 46015 | AA24: 46015 | AB24: 46015 | AC24: 46018 | AD24: COMPLETED | AE24: =MAX(0,Y24-X24) -> 3 | AF24: 7 | AG24: =MAX(0,AE24-AF24) -> 0 | AH24: 200 | AI24: =MAX(0,AG24*AH24) -> 0 | AJ24: =MAX(0,AC24-AB24) -> 3 | AK24: 2 | AL24: =MAX(0,AJ24-AK24) -> 1 | AM24: 200 | AN24: =MAX(0,AL24*AM24) -> 200 | AP24: =AO24+AN24+AI24 -> 200
A25: =ROW()-3 -> 22 | B25: 1A | C25: T448EFR | D25: T225EFX-T399EFX | E25: MOHAMED ALLY MOHAMED | F25: LIKASI /SICODEX | G25: OFFLOADED | H25: 28 | I25: 35070 | J25: 56000 | K25: AN-HDAN | L25: 45890 | M25: ESL | N25: BC Raeda | O25: 45881 | P25: 45907 | Q25: 45892 | R25: 45999 | S25: 46002 | T25: 46005 | U25: 46008 | V25: 46011 | W25: 46011 | X25: 46011 | Y25: 46015 | Z25: 46015 | AA25: 46015 | AB25: 46015 | AC25: 46018 | AD25: COMPLETED | AE25: =MAX(0,Y25-X25) -> 4 | AF25: 7 | AG25: =MAX(0,AE25-AF25) -> 0 | AH25: 200 | AI25: =MAX(0,AG25*AH25) -> 0 | AJ25: =MAX(0,AC25-AB25) -> 3 | AK25: 2 | AL25: =MAX(0,AJ25-AK25) -> 1 | AM25: 200 | AN25: =MAX(0,AL25*AM25) -> 200 | AP25: =AO25+AN25+AI25 -> 200
A26: =ROW()-3 -> 23 | B26: 1A | C26: T354DWZ | D26: T173DXQ-T176DXQ | E26: SAIDI OBEDI MSOFE | F26: LIKASI /SICODEX | G26: OFFLOADED | H26: 29 | I26: 36323 | J26: 56000 | K26: AN-HDAN | L26: 45890 | M26: ESL | N26: BC Raeda | O26: 45881 | P26: 45907 | Q26: 45892 | R26: 45999 | S26: 46002 | T26: 46005 | U26: 46008 | V26: 46012 | W26: 46012 | X26: 46012 | Y26: 46015 | Z26: 46015 | AA26: 46015 | AB26: 46015 | AC26: 46018 | AD26: COMPLETED | AE26: =MAX(0,Y26-X26) -> 3 | AF26: 7 | AG26: =MAX(0,AE26-AF26) -> 0 | AH26: 200 | AI26: =MAX(0,AG26*AH26) -> 0 | AJ26: =MAX(0,AC26-AB26) -> 3 | AK26: 2 | AL26: =MAX(0,AJ26-AK26) -> 1 | AM26: 200 | AN26: =MAX(0,AL26*AM26) -> 200 | AP26: =AO26+AN26+AI26 -> 200
A27: =ROW()-3 -> 24 | B27: 1A | C27: T465DZH | D27: T341EBB-T563EBB | E27: JUMA HAMISI BUNGARA | F27: LIKASI /SICODEX | G27: OFFLOADED | H27: 29 | I27: 36323 | J27: 56000 | K27: AN-HDAN | L27: 45890 | M27: ESL | N27: BC Raeda | O27: 45881 | P27: 45907 | Q27: 45892 | R27: 45999 | S27: 46002 | T27: 46005 | U27: 46008 | V27: 46011 | W27: 46011 | X27: 46011 | Y27: 46015 | Z27: 46015 | AA27: 46015 | AB27: 46015 | AC27: 46018 | AD27: COMPLETED | AE27: =MAX(0,Y27-X27) -> 4 | AF27: 7 | AG27: =MAX(0,AE27-AF27) -> 0 | AH27: 200 | AI27: =MAX(0,AG27*AH27) -> 0 | AJ27: =MAX(0,AC27-AB27) -> 3 | AK27: 2 | AL27: =MAX(0,AJ27-AK27) -> 1 | AM27: 200 | AN27: =MAX(0,AL27*AM27) -> 200 | AP27: =AO27+AN27+AI27 -> 200
A28: =ROW()-3 -> 25 | B28: 1A | C28: T234DNF | D28: T763CVC-T959DWJ | E28: RAMADHAN SALUM BEHO | F28: LIKASI /SICODEX | G28: OFFLOADED | H28: 28 | I28: 35070 | J28: 56000 | K28: AN-HDAN | L28: 45890 | M28: ESL | N28: BC Raeda | O28: 45881 | P28: 45907 | Q28: 45892 | R28: 45999 | S28: 46002 | T28: 46005 | U28: 46008 | V28: 46011 | W28: 46011 | X28: 46011 | Y28: 46015 | Z28: 46015 | AA28: 46015 | AB28: 46015 | AC28: 46018 | AD28: COMPLETED | AE28: =MAX(0,Y28-X28) -> 4 | AF28: 7 | AG28: =MAX(0,AE28-AF28) -> 0 | AH28: 200 | AI28: =MAX(0,AG28*AH28) -> 0 | AJ28: =MAX(0,AC28-AB28) -> 3 | AK28: 2 | AL28: =MAX(0,AJ28-AK28) -> 1 | AM28: 200 | AN28: =MAX(0,AL28*AM28) -> 200 | AP28: =AO28+AN28+AI28 -> 200
A29: =ROW()-3 -> 26 | B29: 1A | C29: T661BZY | D29: T464CRA-T696EFH | E29: MASOUD SHAMTE LUNGUSA | F29: LIKASI /SICODEX | G29: OFFLOADED | H29: 28 | I29: 35070 | J29: 56000 | K29: AN-HDAN | L29: 45890 | M29: ESL | N29: BC Raeda | O29: 45881 | P29: 45907 | Q29: 45892 | R29: 45999 | S29: 46002 | T29: 46005 | U29: 46008 | V29: 46011 | W29: 46011 | X29: 46011 | Y29: 46015 | Z29: 46015 | AA29: 46017 | AB29: 46017 | AC29: 46018 | AD29: COMPLETED | AE29: =MAX(0,Y29-X29) -> 4 | AF29: 7 | AG29: =MAX(0,AE29-AF29) -> 0 | AH29: 200 | AI29: =MAX(0,AG29*AH29) -> 0 | AJ29: =MAX(0,AC29-AB29) -> 1 | AK29: 2 | AL29: =MAX(0,AJ29-AK29) -> 0 | AM29: 200 | AN29: =MAX(0,AL29*AM29) -> 0 | AP29: =AO29+AN29+AI29 -> 0
A30: =ROW()-3 -> 27 | B30: 1A | C30: T781CCY | D30: T326BXG-T525EFH | E30: MBWANA SAID ALLY | F30: LIKASI /SICODEX | G30: OFFLOADED | H30: 28 | I30: 35000 | J30: 35070 | K30: AN-HDAN | L30: 45890 | M30: ESL | N30: BC Raeda | O30: 45881 | P30: 45907 | Q30: 45892 | R30: 46002 | S30: 46002 | T30: 46005 | U30: 46008 | V30: 46012 | W30: 46012 | X30: 46012 | Y30: 46015 | Z30: 46015 | AA30: 46015 | AB30: 46015 | AC30: 46017 | AD30: COMPLETED | AE30: =MAX(0,Y30-X30) -> 3 | AF30: 7 | AG30: =MAX(0,AE30-AF30) -> 0 | AH30: 200 | AI30: =MAX(0,AG30*AH30) -> 0 | AJ30: =MAX(0,AC30-AB30) -> 2 | AK30: 2 | AL30: =MAX(0,AJ30-AK30) -> 0 | AM30: 200 | AN30: =MAX(0,AL30*AM30) -> 0 | AP30: =AO30+AN30+AI30 -> 0
A31: =ROW()-3 -> 28 | B31: 1A | C31: T772EAE | D31: T753CVC-T993DWJ | E31: ATHUMANI BAKARI CHIKOKO | F31: LIKASI /SICODEX | G31: OFFLOADED | H31: 28 | I31: 35070 | J31: 56000 | K31: AN-HDAN | L31: 45890 | M31: ESL | N31: BC Raeda | O31: 45881 | P31: 45907 | Q31: 45892 | R31: 45999 | S31: 46002 | T31: 46005 | U31: 46008 | V31: 46011 | W31: 46011 | X31: 46011 | Y31: 46015 | Z31: 46015 | AA31: 46015 | AB31: 46015 | AC31: 46017 | AD31: COMPLETED | AE31: =MAX(0,Y31-X31) -> 4 | AF31: 7 | AG31: =MAX(0,AE31-AF31) -> 0 | AH31: 200 | AI31: =MAX(0,AG31*AH31) -> 0 | AJ31: =MAX(0,AC31-AB31) -> 2 | AK31: 2 | AL31: =MAX(0,AJ31-AK31) -> 0 | AM31: 200 | AN31: =MAX(0,AL31*AM31) -> 0 | AP31: =AO31+AN31+AI31 -> 0
A32: =ROW()-3 -> 29 | B32: 1A | C32: T533EDX | D32: T933EDN | E32: SAMSON ISAYA MBONGELA | F32: LIKASI /SICODEX | G32: OFFLOADED | H32: 28 | I32: 35000 | J32: 35070 | K32: AN-HDAN | L32: 45890 | M32: ESL | N32: BC Raeda | O32: 45881 | P32: 45907 | Q32: 45892 | R32: 45990 | S32: 45994 | T32: 45998 | U32: 46007 | V32: 46012 | W32: 46012 | X32: 46012 | Y32: 46013 | Z32: 46014 | AA32: 46014 | AB32: 46014 | AC32: 46015 | AD32: COMPLETED | AE32: =MAX(0,Y32-'BL-1A-Pumpi'!X10) -> 2 | AF32: 7 | AG32: =MAX(0,AE32-AF32) -> 0 | AH32: 200 | AI32: =MAX(0,AG32*AH32) -> 0 | AJ32: =MAX(0,AC32-AB32) -> 1 | AK32: 2 | AL32: =MAX(0,AJ32-AK32) -> 0 | AM32: 200 | AN32: =MAX(0,AL32*AM32) -> 0 | AP32: =AO32+AN32+AI32 -> 0
A33: =ROW()-3 -> 30 | B33: 1A | C33: T753EEY | D33: T664EFA | E33: MUSSA SAIDI ALLY | F33: LIKASI /SICODEX | G33: OFFLOADED | H33: 28 | I33: 35000 | J33: 35070 | K33: AN-HDAN | L33: 45890 | M33: ESL | N33: BC Raeda | O33: 45881 | P33: 45907 | Q33: 45892 | R33: 45990 | S33: 45994 | T33: 45998 | U33: 46007 | V33: 46012 | W33: 46012 | X33: 46012 | Y33: 46013 | Z33: 46014 | AA33: 46014 | AB33: 46014 | AC33: 46015 | AD33: COMPLETED | AE33: =MAX(0,Y33-X33) -> 1 | AF33: 7 | AG33: =MAX(0,AE33-AF33) -> 0 | AH33: 200 | AI33: =MAX(0,AG33*AH33) -> 0 | AJ33: =MAX(0,AC33-AB33) -> 1 | AK33: 2 | AL33: =MAX(0,AJ33-AK33) -> 0 | AM33: 200 | AN33: =MAX(0,AL33*AM33) -> 0 | AP33: =AO33+AN33+AI33 -> 0
A34: =ROW()-3 -> 31 | B34: 1A | C34: T230ELH | D34: T328DVM-T220DXD | E34: MUBAARAK MUSTAFA MKETO | F34: LIKASI /SICODEX | G34: OFFLOADED | H34: 28 | I34: 35000 | J34: 35070 | K34: AN-HDAN | L34: 45890 | M34: ESL | N34: BC Raeda | O34: 45881 | P34: 45907 | Q34: 45892 | R34: 45990 | S34: 45994 | T34: 45998 | U34: 46007 | V34: 46012 | W34: 46012 | X34: 46012 | Y34: 46013 | Z34: 46014 | AA34: 46014 | AB34: 46014 | AC34: 46015 | AD34: COMPLETED | AE34: =MAX(0,Y34-X34) -> 1 | AF34: 7 | AG34: =MAX(0,AE34-AF34) -> 0 | AH34: 200 | AI34: =MAX(0,AG34*AH34) -> 0 | AJ34: =MAX(0,AC34-AB34) -> 1 | AK34: 2 | AL34: =MAX(0,AJ34-AK34) -> 0 | AM34: 200 | AN34: =MAX(0,AL34*AM34) -> 0 | AP34: =AO34+AN34+AI34 -> 0
A35: =ROW()-3 -> 32 | B35: 1A | C35: T785CCY | D35: T768CVC-T261EMP | E35: MAGANGA MAYUNGA KAJALA | F35: LIKASI /SICODEX | G35: OFFLOADED | H35: 28 | I35: 35070 | J35: 56000 | K35: AN-HDAN | L35: 45890 | M35: ESL | N35: BC Raeda | O35: 45881 | P35: 45907 | Q35: 45892 | R35: 45999 | S35: 46002 | T35: 46005 | U35: 46008 | V35: 46011 | W35: 46011 | X35: 46011 | Y35: 46015 | Z35: 46015 | AA35: 46015 | AB35: 46015 | AC35: 46017 | AD35: COMPLETED | AE35: =MAX(0,Y35-X35) -> 4 | AF35: 7 | AG35: =MAX(0,AE35-AF35) -> 0 | AH35: 200 | AI35: =MAX(0,AG35*AH35) -> 0 | AJ35: =MAX(0,AC35-AB35) -> 2 | AK35: 2 | AL35: =MAX(0,AJ35-AK35) -> 0 | AM35: 200 | AN35: =MAX(0,AL35*AM35) -> 0 | AP35: =AO35+AN35+AI35 -> 0
A36: =ROW()-3 -> 33 | B36: 1A | C36: T867EBS | D36: T961EBC-T558EBB | E36: PASTORY MZUMARI CHARLES | F36: LIKASI /SICODEX | G36: OFFLOADED | H36: 28 | I36: 35070 | J36: 56000 | K36: AN-HDAN | L36: 45890 | M36: ESL | N36: BC Raeda | O36: 45881 | P36: 45907 | Q36: 45892 | R36: 45999 | S36: 46002 | T36: 46005 | U36: 46008 | V36: 46011 | W36: 46011 | X36: 46011 | Y36: 46015 | Z36: 46015 | AA36: 46015 | AB36: 46015 | AC36: 46017 | AD36: COMPLETED | AE36: =MAX(0,Y36-X36) -> 4 | AF36: 7 | AG36: =MAX(0,AE36-AF36) -> 0 | AH36: 200 | AI36: =MAX(0,AG36*AH36) -> 0 | AJ36: =MAX(0,AC36-AB36) -> 2 | AK36: 2 | AL36: =MAX(0,AJ36-AK36) -> 0 | AM36: 200 | AN36: =MAX(0,AL36*AM36) -> 0 | AP36: =AO36+AN36+AI36 -> 0
A37: =ROW()-3 -> 34 | B37: 1A | C37: T374DCA | D37: T360CRT | E37: ALI MWINYIJUMA MABADI | F37: LIKASI /SICODEX | G37: OFFLOADED | H37: 24 | I37: 30000 | J37: 30084 | K37: HDAN | L37: 45890 | M37: ESL | N37: BC Raeda | O37: 45881 | P37: 45907 | Q37: 45892 | R37: 45940 | S37: 45941 | T37: 45943 | U37: 45958 | V37: 45967 | W37: 45967 | X37: 45967 | Y37: 45973 | Z37: 45973 | AA37: 45974 | AB37: 45975 | AC37: 45976 | AD37: COMPLETED | AE37: =MAX(0,Y37-X37) -> 6 | AF37: 7 | AG37: =MAX(0,AE37-AF37) -> 0 | AH37: 200 | AI37: =MAX(0,AG37*AH37) -> 0 | AJ37: =MAX(0,AC37-AB37) -> 1 | AK37: 2 | AL37: =MAX(0,AJ37-AK37) -> 0 | AM37: 200 | AN37: =MAX(0,AL37*AM37) -> 0 | AP37: =AO37+AN37+AI37 -> 0
A38: =ROW()-3 -> 35 | B38: 1A | C38: T198DYR | D38: T639AVR-T577DTR | E38: FADHILI MOHAMED SASAMALO | F38: LIKASI /SICODEX | G38: OFFLOADED | H38: 28 | I38: 35000 | J38: 35098 | K38: HDAN | L38: 45890 | M38: ESL | N38: BC Raeda | O38: 45881 | P38: 45907 | Q38: 45892 | R38: 45942 | S38: 45943 | T38: 45950 | U38: 45954 | V38: 45968 | W38: 45968 | X38: 45968 | Y38: 45973 | Z38: 45973 | AA38: 45973 | AB38: 45973 | AC38: 45976 | AD38: COMPLETED | AE38: =MAX(0,Y38-X38) -> 5 | AF38: 7 | AG38: =MAX(0,AE38-AF38) -> 0 | AH38: 200 | AI38: =MAX(0,AG38*AH38) -> 0 | AJ38: =MAX(0,AC38-AB38) -> 3 | AK38: 2 | AL38: =MAX(0,AJ38-AK38) -> 1 | AM38: 200 | AN38: =MAX(0,AL38*AM38) -> 200 | AO38: 0 | AP38: =AO38+AN38+AI38 -> 200
A39: =ROW()-3 -> 36 | B39: 1A | C39: T170EBA | D39: T932AMG -T257EMM | E39: SALUM JUNAIDI MDOSI | F39: LIKASI /SICODEX | G39: OFFLOADED | H39: 28 | I39: 35000 | J39: 35098 | K39: HDAN | L39: 45890 | M39: ESL | N39: BC Raeda | O39: 45881 | P39: 45907 | Q39: 45892 | R39: 45943 | S39: 45944 | T39: 45947 | U39: 45949 | V39: 45952 | W39: 45952 | X39: 45952 | Y39: 45970 | Z39: 45970 | AA39: 45971 | AB39: 45971 | AC39: 45973 | AD39: COMPLETED | AE39: =MAX(0,Y39-X39) -> 18 | AF39: 7 | AG39: =MAX(0,AE39-AF39) -> 11 | AH39: 200 | AI39: =MAX(0,AG39*AH39) -> 2200 | AJ39: =MAX(0,AC39-AB39) -> 2 | AK39: 2 | AL39: =MAX(0,AJ39-AK39) -> 0 | AM39: 200 | AN39: =MAX(0,AL39*AM39) -> 0 | AO39: 625 | AP39: =AO39+AN39+AI39 -> 2825
A40: =ROW()-3 -> 37 | B40: 1A | C40: T516DQH | D40: T969ASG | E40: IBRAHIM ADAM IBRAHIM | F40: LIKASI /SICODEX | G40: OFFLOADED | H40: 29 | I40: 36250 | J40: 36352 | K40: HDAN | L40: 45890 | M40: ESL | N40: BC Raeda | O40: 45881 | P40: 45907 | Q40: 45892 | R40: 45941 | S40: 45942 | T40: 45945 | U40: 45956 | V40: 45965 | W40: 45965 | X40: 45965 | Y40: 45967 | Z40: 45967 | AA40: 45968 | AB40: 45968 | AC40: 45971 | AD40: COMPLETED | AE40: =MAX(0,Y40-X40) -> 2 | AF40: 7 | AG40: =MAX(0,AE40-AF40) -> 0 | AH40: 200 | AI40: =MAX(0,AG40*AH40) -> 0 | AJ40: =MAX(0,AC40-AB40) -> 3 | AK40: 2 | AL40: =MAX(0,AJ40-AK40) -> 1 | AM40: 200 | AN40: =MAX(0,AL40*AM40) -> 200 | AO40: 0 | AP40: =AO40+AN40+AI40 -> 200
A41: =ROW()-3 -> 38 | B41: 1A | C41: T182EES | D41: T184BUF-T536EFH | E41: HEMED MWIDADI ALLY | F41: LIKASI /SICODEX | G41: OFFLOADED | H41: 28 | I41: 35000 | J41: 35098 | K41: HDAN | L41: 45890 | M41: ESL | N41: BC Raeda | O41: 45881 | P41: 45907 | Q41: 45892 | R41: 45940 | S41: 45941 | T41: 45943 | U41: 45946 | V41: 45951 | W41: 45951 | X41: 45951 | Y41: 45966 | Z41: 45966 | AA41: 45967 | AB41: 45968 | AC41: 45970 | AD41: COMPLETED | AE41: =MAX(0,Y41-X41) -> 15 | AF41: 7 | AG41: =MAX(0,AE41-AF41) -> 8 | AH41: 200 | AI41: =MAX(0,AG41*AH41) -> 1600 | AJ41: =MAX(0,AC41-AB41) -> 2 | AK41: 2 | AL41: =MAX(0,AJ41-AK41) -> 0 | AM41: 200 | AN41: =MAX(0,AL41*AM41) -> 0 | AO41: 0 | AP41: =AO41+AN41+AI41 -> 1600
A42: =ROW()-3 -> 39 | B42: 1A | C42: T429CAF | D42: T109AQL -T676EFH | E42: MURTAZ HASHIM MPATILA | F42: LIKASI /SICODEX | G42: OFFLOADED | H42: 28 | I42: 35000 | J42: 35098 | K42: HDAN | L42: 45890 | M42: ESL | N42: BC Raeda | O42: 45881 | P42: 45907 | Q42: 45892 | R42: 45943 | S42: 45944 | T42: 45953 | U42: 45958 | V42: 45960 | W42: 45960 | X42: 45960 | Y42: 45965 | Z42: 45965 | AA42: 45966 | AB42: 45966 | AC42: 45969 | AD42: COMPLETED | AE42: =MAX(0,Y42-X42) -> 5 | AF42: 7 | AG42: =MAX(0,AE42-AF42) -> 0 | AH42: 200 | AI42: =MAX(0,AG42*AH42) -> 0 | AJ42: =MAX(0,AC42-AB42) -> 3 | AK42: 2 | AL42: =MAX(0,AJ42-AK42) -> 1 | AM42: 200 | AN42: =MAX(0,AL42*AM42) -> 200 | AO42: 25 | AP42: =AO42+AN42+AI42 -> 225
A43: =ROW()-3 -> 40 | B43: 1A | C43: T346DWZ | D43: T108DXM-T109DXM | E43: ABASI MOHAMED MMINGE | F43: LIKASI /SICODEX | G43: OFFLOADED | H43: 29 | I43: 36250 | J43: 36352 | K43: HDAN | L43: 45890 | M43: ESL | N43: BC Raeda | O43: 45881 | P43: 45907 | Q43: 45892 | R43: 45942 | S43: 45943 | T43: 45950 | U43: 45953 | V43: 45955 | W43: 45955 | X43: 45955 | Y43: 45965 | Z43: 45965 | AA43: 45966 | AB43: 45966 | AC43: 45968 | AD43: COMPLETED | AE43: =MAX(0,Y43-X43) -> 10 | AF43: 7 | AG43: =MAX(0,AE43-AF43) -> 3 | AH43: 200 | AI43: =MAX(0,AG43*AH43) -> 600 | AJ43: =MAX(0,AC43-AB43) -> 2 | AK43: 2 | AL43: =MAX(0,AJ43-AK43) -> 0 | AM43: 200 | AN43: =MAX(0,AL43*AM43) -> 0 | AO43: 200 | AP43: =AO43+AN43+AI43 -> 800
A44: =ROW()-3 -> 41 | B44: 1A | C44: T196DYR | D44: T548CTF -T996DWJ | E44: RAMADHAN MASOUD JAHADI | F44: LIKASI /SICODEX | G44: OFFLOADED | H44: 28 | I44: 35000 | J44: 35098 | K44: HDAN | L44: 45890 | M44: ESL | N44: BC Raeda | O44: 45881 | P44: 45907 | Q44: 45892 | R44: 45943 | S44: 45944 | T44: 45947 | U44: 45950 | V44: 45953 | W44: 45953 | X44: 45953 | Y44: 45960 | Z44: 45965 | AA44: 45965 | AB44: 45965 | AC44: 45966 | AD44: COMPLETED | AE44: =MAX(0,Y44-X44) -> 7 | AF44: 7 | AG44: =MAX(0,AE44-AF44) -> 0 | AH44: 200 | AI44: =MAX(0,AG44*AH44) -> 0 | AJ44: =MAX(0,AC44-AB44) -> 1 | AK44: 2 | AL44: =MAX(0,AJ44-AK44) -> 0 | AM44: 200 | AN44: =MAX(0,AL44*AM44) -> 0 | AP44: =AO44+AN44+AI44 -> 0
A45: =ROW()-3 -> 42 | B45: 1A | C45: T197DYR | D45: T637DRM -T629DRM | E45: MGANGA ALLY MZUNDA | F45: LIKASI /SICODEX | G45: OFFLOADED | H45: 28 | I45: 35000 | J45: 35098 | K45: HDAN | L45: 45890 | M45: ESL | N45: BC Raeda | O45: 45881 | P45: 45907 | Q45: 45892 | R45: 45943 | S45: 45944 | T45: 45948 | U45: 45952 | V45: 45954 | W45: 45954 | X45: 45954 | Y45: 45962 | Z45: 45962 | AA45: 45963 | AB45: 45963 | AC45: 45966 | AD45: COMPLETED | AE45: =MAX(0,Y45-X45) -> 8 | AF45: 7 | AG45: =MAX(0,AE45-AF45) -> 1 | AH45: 200 | AI45: =MAX(0,AG45*AH45) -> 200 | AJ45: =MAX(0,AC45-AB45) -> 3 | AK45: 2 | AL45: =MAX(0,AJ45-AK45) -> 1 | AM45: 200 | AN45: =MAX(0,AL45*AM45) -> 200 | AP45: =AO45+AN45+AI45 -> 400
A46: =ROW()-3 -> 43 | B46: 1A | C46: T147EES | D46: T197CVF -T956DWJ | E46: PHILEMON JOHN NDAKI | F46: LIKASI /SICODEX | G46: OFFLOADED | H46: 28 | I46: 35000 | J46: 35098 | K46: HDAN | L46: 45890 | M46: ESL | N46: BC Raeda | O46: 45881 | P46: 45907 | Q46: 45892 | R46: 45943 | S46: 45944 | T46: 45950 | U46: 45954 | V46: 45957 | W46: 45957 | X46: 45957 | Y46: 45962 | Z46: 45962 | AA46: 45963 | AB46: 45963 | AC46: 45966 | AD46: COMPLETED | AE46: =MAX(0,Y46-X46) -> 5 | AF46: 7 | AG46: =MAX(0,AE46-AF46) -> 0 | AH46: 200 | AI46: =MAX(0,AG46*AH46) -> 0 | AJ46: =MAX(0,AC46-AB46) -> 3 | AK46: 2 | AL46: =MAX(0,AJ46-AK46) -> 1 | AM46: 200 | AN46: =MAX(0,AL46*AM46) -> 200 | AP46: =AO46+AN46+AI46 -> 200
A47: =ROW()-3 -> 44 | B47: 1A | C47: T340DWZ | D47: T112DXM -T113DXM | E47: DAVID JOSEPH MALIMI | F47: LIKASI /SICODEX | G47: OFFLOADED | H47: 29 | I47: 35000 | J47: 35098 | K47: HDAN | L47: 45890 | M47: ESL | N47: BC Raeda | O47: 45881 | P47: 45907 | Q47: 45892 | R47: 45941 | S47: 45944 | T47: 45948 | U47: 45952 | V47: 45954 | W47: 45954 | X47: 45954 | Y47: 45962 | Z47: 45962 | AA47: 45963 | AB47: 45963 | AC47: 45966 | AD47: COMPLETED | AE47: =MAX(0,Y47-X47) -> 8 | AF47: 7 | AG47: =MAX(0,AE47-AF47) -> 1 | AH47: 200 | AI47: =MAX(0,AG47*AH47) -> 200 | AJ47: =MAX(0,AC47-AB47) -> 3 | AK47: 2 | AL47: =MAX(0,AJ47-AK47) -> 1 | AM47: 200 | AN47: =MAX(0,AL47*AM47) -> 200 | AP47: =AO47+AN47+AI47 -> 400
A48: =ROW()-3 -> 45 | B48: 1A | C48: T277DTA | D48: T269DSM-T215EMM | E48: JUMA SEPH SHUNDA | F48: LIKASI /SICODEX | G48: OFFLOADED | H48: 29 | I48: 36250 | J48: 36352 | K48: HDAN | L48: 45890 | M48: ESL | N48: BC Raeda | O48: 45881 | P48: 45907 | Q48: 45892 | R48: 45942 | S48: 45943 | T48: 45946 | U48: 45949 | V48: 45955 | W48: 45955 | X48: 45955 | Y48: 45965 | Z48: 45965 | AA48: 45965 | AB48: 45965 | AC48: 45965 | AD48: COMPLETED | AE48: =MAX(0,Y48-X48) -> 10 | AF48: 7 | AG48: =MAX(0,AE48-AF48) -> 3 | AH48: 200 | AI48: =MAX(0,AG48*AH48) -> 600 | AJ48: =MAX(0,AC48-AB48) -> 0 | AK48: 2 | AL48: =MAX(0,AJ48-AK48) -> 0 | AM48: 200 | AN48: =MAX(0,AL48*AM48) -> 0 | AP48: =AO48+AN48+AI48 -> 600
A49: =ROW()-3 -> 46 | B49: 1A | C49: T706EHZ | D49: T145EHW-T283EMP | E49: IDDY MOSHI IDDY | F49: LIKASI /SICODEX | G49: OFFLOADED | H49: 28 | I49: 35000 | J49: 35098 | K49: HDAN | L49: 45890 | M49: ESL | N49: BC Raeda | O49: 45881 | P49: 45907 | Q49: 45892 | R49: 45941 | S49: 45942 | T49: 45945 | U49: 45950 | V49: 45952 | W49: 45952 | X49: 45952 | Y49: 45959 | Z49: 45960 | AA49: 45960 | AB49: 45962 | AC49: 45965 | AD49: COMPLETED | AE49: =MAX(0,Y49-X49) -> 7 | AF49: 7 | AG49: =MAX(0,AE49-AF49) -> 0 | AH49: 200 | AI49: =MAX(0,AG49*AH49) -> 0 | AJ49: =MAX(0,AC49-AB49) -> 3 | AK49: 2 | AL49: =MAX(0,AJ49-AK49) -> 1 | AM49: 200 | AN49: =MAX(0,AL49*AM49) -> 200 | AO49: 0 | AP49: =AO49+AN49+AI49 -> 200
A50: =ROW()-3 -> 47 | B50: 1A | C50: T399DZH | D50: T344EBB-T561EBB | E50: MSAFIRI BAKARI MBEJA | F50: LIKASI /SICODEX | G50: OFFLOADED | H50: 29 | I50: 36250 | J50: 36352 | K50: HDAN | L50: 45890 | M50: ESL | N50: BC Raeda | O50: 45881 | P50: 45907 | Q50: 45892 | R50: 45941 | S50: 45943 | T50: 45946 | U50: 45948 | V50: 45951 | W50: 45951 | X50: 45951 | Y50: 45959 | Z50: 45960 | AA50: 45960 | AB50: 45962 | AC50: 45965 | AD50: COMPLETED | AE50: =MAX(0,Y50-X50) -> 8 | AF50: 7 | AG50: =MAX(0,AE50-AF50) -> 1 | AH50: 200 | AI50: =MAX(0,AG50*AH50) -> 200 | AJ50: =MAX(0,AC50-AB50) -> 3 | AK50: 2 | AL50: =MAX(0,AJ50-AK50) -> 1 | AM50: 200 | AN50: =MAX(0,AL50*AM50) -> 200 | AO50: 0 | AP50: =AO50+AN50+AI50 -> 400
A51: =ROW()-3 -> 48 | B51: 1A | C51: T956CAS | D51: T411EFX -T220EFX | E51: FRUGENCE KAGANDE RAZALO | F51: LIKASI /SICODEX | G51: OFFLOADED | H51: 28 | I51: 35000 | J51: 35098 | K51: HDAN | L51: 45890 | M51: ESL | N51: BC Raeda | O51: 45881 | P51: 45907 | Q51: 45892 | R51: 45943 | S51: 45944 | T51: 45947 | U51: 45949 | V51: 45952 | W51: 45952 | X51: 45952 | Y51: 45962 | Z51: 45962 | AA51: 45963 | AB51: 45963 | AC51: 45965 | AD51: COMPLETED | AE51: =MAX(0,Y51-X51) -> 10 | AF51: 7 | AG51: =MAX(0,AE51-AF51) -> 3 | AH51: 200 | AI51: =MAX(0,AG51*AH51) -> 600 | AJ51: =MAX(0,AC51-AB51) -> 2 | AK51: 2 | AL51: =MAX(0,AJ51-AK51) -> 0 | AM51: 200 | AN51: =MAX(0,AL51*AM51) -> 0 | AO51: 0 | AP51: =AO51+AN51+AI51 -> 600
A52: =ROW()-3 -> 49 | B52: 1A | C52: T619BVP | D52: T812BVG-T415EFH | E52: MHINA HOSSENI NTULWE | F52: LIKASI /SICODEX | G52: OFFLOADED | H52: 28 | I52: 35000 | J52: 35098 | K52: HDAN | L52: 45890 | M52: ESL | N52: BC Raeda | O52: 45881 | P52: 45907 | Q52: 45892 | R52: 45942 | S52: 45943 | T52: 45946 | U52: 45950 | V52: 45951 | W52: 45951 | X52: 45951 | Y52: 45962 | Z52: 45962 | AA52: 45963 | AB52: 45963 | AC52: 45965 | AD52: COMPLETED | AE52: =MAX(0,Y52-X52) -> 11 | AF52: 7 | AG52: =MAX(0,AE52-AF52) -> 4 | AH52: 200 | AI52: =MAX(0,AG52*AH52) -> 800 | AJ52: =MAX(0,AC52-AB52) -> 2 | AK52: 2 | AL52: =MAX(0,AJ52-AK52) -> 0 | AM52: 200 | AN52: =MAX(0,AL52*AM52) -> 0 | AP52: =AO52+AN52+AI52 -> 800
A53: =ROW()-3 -> 50 | B53: 1A | C53: T854EBS | D53: T965EBC | E53: PETER FANO KAZUNGU | F53: LIKASI /SICODEX | G53: OFFLOADED | H53: 29 | I53: 36250 | J53: 36352 | K53: HDAN | L53: 45890 | M53: ESL | N53: BC Raeda | O53: 45881 | P53: 45907 | Q53: 45892 | R53: 45942 | S53: 45943 | T53: 45946 | U53: 45951 | V53: 45951 | W53: 45951 | X53: 45951 | Y53: 45962 | Z53: 45962 | AA53: 45963 | AB53: 45963 | AC53: 45965 | AD53: COMPLETED | AE53: =MAX(0,Y53-X53) -> 11 | AF53: 7 | AG53: =MAX(0,AE53-AF53) -> 4 | AH53: 200 | AI53: =MAX(0,AG53*AH53) -> 800 | AJ53: =MAX(0,AC53-AB53) -> 2 | AK53: 2 | AL53: =MAX(0,AJ53-AK53) -> 0 | AM53: 200 | AN53: =MAX(0,AL53*AM53) -> 0 | AO53: 400 | AP53: =AO53+AN53+AI53 -> 1200
A54: =ROW()-3 -> 51 | B54: 1A | C54: T480DZH | D54: T202DZH-T856DZG | E54: PETER ERNEST JOSEPH | F54: LIKASI /SICODEX | G54: OFFLOADED | H54: 29 | I54: 36250 | J54: 36352 | K54: HDAN | L54: 45890 | M54: ESL | N54: BC Raeda | O54: 45881 | P54: 45907 | Q54: 45892 | R54: 45942 | S54: 45943 | T54: 45946 | U54: 45949 | V54: 45951 | W54: 45951 | X54: 45951 | Y54: 45954 | Z54: 45962 | AA54: 45963 | AB54: 45963 | AC54: 45965 | AD54: COMPLETED | AE54: =MAX(0,Y54-X54) -> 3 | AF54: 7 | AG54: =MAX(0,AE54-AF54) -> 0 | AH54: 200 | AI54: =MAX(0,AG54*AH54) -> 0 | AJ54: =MAX(0,AC54-AB54) -> 2 | AK54: 2 | AL54: =MAX(0,AJ54-AK54) -> 0 | AM54: 200 | AN54: =MAX(0,AL54*AM54) -> 0 | AO54: 0 | AP54: =AO54+AN54+AI54 -> 0
A55: =ROW()-3 -> 52 | B55: 1A | C55: T448EFR | D55: T225EFX-T399EFX | E55: MOHAMED ALLY MOHAMED | F55: LIKASI /SICODEX | G55: OFFLOADED | H55: 28 | I55: 35000 | J55: 35098 | K55: HDAN | L55: 45890 | M55: ESL | N55: BC Raeda | O55: 45881 | P55: 45907 | Q55: 45892 | R55: 45942 | S55: 45943 | T55: 45946 | U55: 45951 | V55: 45954 | W55: 45954 | X55: 45954 | Y55: 45962 | Z55: 45963 | AA55: 45963 | AB55: 45963 | AC55: 45965 | AD55: COMPLETED | AE55: =MAX(0,Y55-X55) -> 8 | AF55: 7 | AG55: =MAX(0,AE55-AF55) -> 1 | AH55: 200 | AI55: =MAX(0,AG55*AH55) -> 200 | AJ55: =MAX(0,AC55-AB55) -> 2 | AK55: 2 | AL55: =MAX(0,AJ55-AK55) -> 0 | AM55: 200 | AN55: =MAX(0,AL55*AM55) -> 0 | AP55: =AO55+AN55+AI55 -> 200
A56: =ROW()-3 -> 53 | B56: 1A | C56: T219DPX | D56: T989ANZ | E56: ONESMO LAULIAN SIZMWE | F56: LIKASI /SICODEX | G56: OFFLOADED | H56: 25 | I56: 31250 | J56: 31338 | K56: HDAN | L56: 45890 | M56: ESL | N56: BC Raeda | O56: 45881 | P56: 45907 | Q56: 45892 | R56: 45942 | S56: 45943 | T56: 45946 | U56: 45952 | V56: 45955 | W56: 45955 | X56: 45955 | Y56: 45962 | Z56: 45962 | AA56: 45963 | AB56: 45963 | AC56: 45965 | AD56: COMPLETED | AE56: =MAX(0,Y56-X56) -> 7 | AF56: 7 | AG56: =MAX(0,AE56-AF56) -> 0 | AH56: 200 | AI56: =MAX(0,AG56*AH56) -> 0 | AJ56: =MAX(0,AC56-AB56) -> 2 | AK56: 2 | AL56: =MAX(0,AJ56-AK56) -> 0 | AM56: 200 | AN56: =MAX(0,AL56*AM56) -> 0 | AP56: =AO56+AN56+AI56 -> 0
A57: =ROW()-3 -> 54 | B57: 1A | C57: T867EBS | D57: T961EBC -T558EBB | E57: PASTORY MZUMARI CHARLES | F57: LIKASI /SICODEX | G57: OFFLOADED | H57: 28 | I57: 35000 | J57: 35098 | K57: HDAN | L57: 45890 | M57: ESL | N57: BC Raeda | O57: 45881 | P57: 45907 | Q57: 45892 | R57: 45943 | S57: 45944 | T57: 45948 | U57: 45952 | V57: 45954 | W57: 45954 | X57: 45954 | Y57: 45962 | Z57: 45962 | AA57: 45963 | AB57: 45963 | AC57: 45965 | AD57: COMPLETED | AE57: =MAX(0,Y57-X57) -> 8 | AF57: 7 | AG57: =MAX(0,AE57-AF57) -> 1 | AH57: 200 | AI57: =MAX(0,AG57*AH57) -> 200 | AJ57: =MAX(0,AC57-AB57) -> 2 | AK57: 2 | AL57: =MAX(0,AJ57-AK57) -> 0 | AM57: 200 | AN57: =MAX(0,AL57*AM57) -> 0 | AP57: =AO57+AN57+AI57 -> 200
A58: =ROW()-3 -> 55 | B58: 1A | C58: T962CAS | D58: T444CRA -T614EFH | E58: EDWIN PATRICK ZEBADI | F58: LIKASI /SICODEX | G58: OFFLOADED | H58: 28 | I58: 35000 | J58: 35098 | K58: HDAN | L58: 45890 | M58: ESL | N58: BC Raeda | O58: 45881 | P58: 45907 | Q58: 45892 | R58: 45943 | S58: 45944 | T58: 45948 | U58: 45951 | V58: 45954 | W58: 45954 | X58: 45954 | Y58: 45962 | Z58: 45962 | AA58: 45963 | AB58: 45963 | AC58: 45965 | AD58: COMPLETED | AE58: =MAX(0,Y58-X58) -> 8 | AF58: 7 | AG58: =MAX(0,AE58-AF58) -> 1 | AH58: 200 | AI58: =MAX(0,AG58*AH58) -> 200 | AJ58: =MAX(0,AC58-AB58) -> 2 | AK58: 2 | AL58: =MAX(0,AJ58-AK58) -> 0 | AM58: 200 | AN58: =MAX(0,AL58*AM58) -> 0 | AP58: =AO58+AN58+AI58 -> 200
A59: =ROW()-3 -> 56 | B59: 1A | C59: T764EAE | D59: T481DAA-T576DTR | E59: MSAFIRI HOSEA MPOGOLE | F59: LIKASI /SICODEX | G59: OFFLOADED | H59: 28 | I59: 35000 | J59: 35098 | K59: HDAN | L59: 45890 | M59: ESL | N59: BC Raeda | O59: 45881 | P59: 45907 | Q59: 45892 | R59: 45942 | S59: 45943 | T59: 45946 | U59: 45949 | V59: 45951 | W59: 45951 | X59: 45951 | Y59: 45954 | Z59: 45962 | AA59: 45963 | AB59: 45963 | AC59: 45964 | AD59: COMPLETED | AE59: =MAX(0,Y59-X59) -> 3 | AF59: 7 | AG59: =MAX(0,AE59-AF59) -> 0 | AH59: 200 | AI59: =MAX(0,AG59*AH59) -> 0 | AJ59: =MAX(0,AC59-AB59) -> 1 | AK59: 2 | AL59: =MAX(0,AJ59-AK59) -> 0 | AM59: 200 | AN59: =MAX(0,AL59*AM59) -> 0 | AP59: =AO59+AN59+AI59 -> 0
A60: =ROW()-3 -> 57 | B60: 1A | C60: T167EES | D60: T118DXM-T119DXM | E60: SHABANI RAMADHANI IDDI | F60: LIKASI /SICODEX | G60: OFFLOADED | H60: 28 | I60: 35000 | J60: 35098 | K60: HDAN | L60: 45890 | M60: ESL | N60: BC Raeda | O60: 45881 | P60: 45907 | Q60: 45892 | R60: 45943 | S60: 45943 | T60: 45950 | U60: 45953 | V60: 45955 | W60: 45955 | X60: 45955 | Y60: 45962 | Z60: 45962 | AA60: 45963 | AB60: 45963 | AC60: 45964 | AD60: COMPLETED | AE60: =MAX(0,Y60-X60) -> 7 | AF60: 7 | AG60: =MAX(0,AE60-AF60) -> 0 | AH60: 200 | AI60: =MAX(0,AG60*AH60) -> 0 | AJ60: =MAX(0,AC60-AB60) -> 1 | AK60: 2 | AL60: =MAX(0,AJ60-AK60) -> 0 | AM60: 200 | AN60: =MAX(0,AL60*AM60) -> 0 | AP60: =AO60+AN60+AI60 -> 0
A61: =ROW()-3 -> 58 | B61: 1A | C61: T214ELH | D61: T576ELH | E61: SHABANI ATHUMANI MASENDERA | F61: LIKASI /SICODEX | G61: OFFLOADED | H61: 25 | I61: 31250 | J61: 31338 | K61: HDAN | L61: 45890 | M61: ESL | N61: BC Raeda | O61: 45881 | P61: 45907 | Q61: 45892 | R61: 45941 | S61: 45943 | T61: 45945 | U61: 45949 | V61: 45952 | W61: 45952 | X61: 45952 | Y61: 45959 | Z61: 45960 | AA61: 45960 | AB61: 45960 | AC61: 45964 | AD61: COMPLETED | AE61: =MAX(0,Y61-X61) -> 7 | AF61: 7 | AG61: =MAX(0,AE61-AF61) -> 0 | AH61: 200 | AI61: =MAX(0,AG61*AH61) -> 0 | AJ61: =MAX(0,AC61-AB61) -> 4 | AK61: 2 | AL61: =MAX(0,AJ61-AK61) -> 2 | AM61: 200 | AN61: =MAX(0,AL61*AM61) -> 400 | AP61: =AO61+AN61+AI61 -> 400
A62: =ROW()-3 -> 59 | B62: 1A | C62: T666CJT | D62: T929CTU -T611EFH | E62: ALLY OMARY MNONJI | F62: LIKASI /SICODEX | G62: OFFLOADED | H62: 28 | I62: 35000 | J62: 35098 | K62: HDAN | L62: 45890 | M62: ESL | N62: BC Raeda | O62: 45881 | P62: 45907 | Q62: 45892 | R62: 45943 | S62: 45944 | T62: 45948 | U62: 45949 | V62: 45952 | W62: 45952 | X62: 45952 | Y62: 45963 | Z62: 45963 | AA62: 45963 | AB62: 45963 | AC62: 45964 | AD62: COMPLETED | AE62: =MAX(0,Y62-X62) -> 11 | AF62: 7 | AG62: =MAX(0,AE62-AF62) -> 4 | AH62: 200 | AI62: =MAX(0,AG62*AH62) -> 800 | AJ62: =MAX(0,AC62-AB62) -> 1 | AK62: 2 | AL62: =MAX(0,AJ62-AK62) -> 0 | AM62: 200 | AN62: =MAX(0,AL62*AM62) -> 0 | AO62: 0 | AP62: =AO62+AN62+AI62 -> 800
A63: =ROW()-3 -> 60 | B63: 1A | C63: T864EBK | D63: T402DTB-T216DXD | E63: MOHAMED MATHIAS JUMA | F63: LIKASI /SICODEX | G63: OFFLOADED | H63: 28 | I63: 35000 | J63: 35098 | K63: HDAN | L63: 45890 | M63: ESL | N63: BC Raeda | O63: 45881 | P63: 45907 | Q63: 45892 | R63: 45941 | S63: 45943 | T63: 45945 | U63: 45949 | V63: 45952 | W63: 45952 | X63: 45952 | Y63: 45959 | Z63: 45960 | AA63: 45960 | AB63: 45960 | AC63: 45964 | AD63: COMPLETED | AE63: =MAX(0,Y63-X63) -> 7 | AF63: 7 | AG63: =MAX(0,AE63-AF63) -> 0 | AH63: 200 | AI63: =MAX(0,AG63*AH63) -> 0 | AJ63: =MAX(0,AC63-AB63) -> 4 | AK63: 2 | AL63: =MAX(0,AJ63-AK63) -> 2 | AM63: 200 | AN63: =MAX(0,AL63*AM63) -> 400 | AP63: =AO63+AN63+AI63 -> 400
A64: =ROW()-3 -> 61 | B64: 1A | C64: T769EEY | D64: T681EFA | E64: ABDALLAH MOHAMED MBARAKA | F64: LIKASI /SICODEX | G64: OFFLOADED | H64: 26 | I64: 32500 | J64: 32591 | K64: HDAN | L64: 45890 | M64: ESL | N64: BC Raeda | O64: 45881 | P64: 45907 | Q64: 45892 | R64: 45941 | S64: 45943 | T64: 45950 | U64: 45952 | V64: 45957 | W64: 45957 | X64: 45957 | Y64: 45959 | Z64: 45960 | AA64: 45960 | AB64: 45960 | AC64: 45964 | AD64: COMPLETED | AE64: =MAX(0,Y64-X64) -> 2 | AF64: 7 | AG64: =MAX(0,AE64-AF64) -> 0 | AH64: 200 | AI64: =MAX(0,AG64*AH64) -> 0 | AJ64: =MAX(0,AC64-AB64) -> 4 | AK64: 2 | AL64: =MAX(0,AJ64-AK64) -> 2 | AM64: 200 | AN64: =MAX(0,AL64*AM64) -> 400 | AP64: =AO64+AN64+AI64 -> 400
A65: =ROW()-3 -> 62 | B65: 1A | C65: T869DRL | D65: T396DRY | E65: WILSON REVERIANI NGAIZA | F65: LIKASI /SICODEX | G65: OFFLOADED | H65: 29 | I65: 36250 | J65: 36352 | K65: HDAN | L65: 45890 | M65: ESL | N65: BC Raeda | O65: 45881 | P65: 45907 | Q65: 45892 | R65: 45940 | S65: 45941 | T65: 45946 | U65: 45949 | V65: 45953 | W65: 45953 | X65: 45953 | Y65: 45959 | Z65: 45960 | AA65: 45960 | AB65: 45960 | AC65: 45962 | AD65: COMPLETED | AE65: =MAX(0,Y65-X65) -> 6 | AF65: 7 | AG65: =MAX(0,AE65-AF65) -> 0 | AH65: 200 | AI65: =MAX(0,AG65*AH65) -> 0 | AJ65: =MAX(0,AC65-AB65) -> 2 | AK65: 2 | AL65: =MAX(0,AJ65-AK65) -> 0 | AM65: 200 | AN65: =MAX(0,AL65*AM65) -> 0 | AO65: 100 | AP65: =AO65+AN65+AI65 -> 100
A66: =ROW()-3 -> 63 | B66: 1A | C66: T152EJA | D66: T760EHV-T136DUG | E66: MOGELA ABDALLAH MBAWALA | F66: LIKASI /SICODEX | G66: OFFLOADED | H66: 28 | I66: 35000 | J66: 35098 | K66: HDAN | L66: 45890 | M66: ESL | N66: BC Raeda | O66: 45881 | P66: 45907 | Q66: 45892 | R66: 45940 | S66: 45941 | T66: 45943 | U66: 45950 | V66: 45953 | W66: 45953 | X66: 45953 | Y66: 45959 | Z66: 45960 | AA66: 45960 | AB66: 45961 | AC66: 45962 | AD66: COMPLETED | AE66: =MAX(0,Y66-X66) -> 6 | AF66: 7 | AG66: =MAX(0,AE66-AF66) -> 0 | AH66: 200 | AI66: =MAX(0,AG66*AH66) -> 0 | AJ66: =MAX(0,AC66-AB66) -> 1 | AK66: 2 | AL66: =MAX(0,AJ66-AK66) -> 0 | AM66: 200 | AN66: =MAX(0,AL66*AM66) -> 0 | AP66: =AO66+AN66+AI66 -> 0
A67: =ROW()-3 -> 64 | B67: 1A | C67: T664BXN | D67: T718CVC-T212EMP | E67: ISSA MKADARA SHAME | F67: LIKASI /SICODEX | G67: OFFLOADED | H67: 28 | I67: 35000 | J67: 35098 | K67: HDAN | L67: 45890 | M67: ESL | N67: BC Raeda | O67: 45881 | P67: 45907 | Q67: 45892 | R67: 45940 | S67: 45943 | T67: 45945 | U67: 45947 | V67: 45951 | W67: 45951 | X67: 45951 | Y67: 45960 | Z67: 45960 | AA67: 45960 | AB67: 45960 | AC67: 45962 | AD67: COMPLETED | AE67: =MAX(0,Y67-X67) -> 9 | AF67: 7 | AG67: =MAX(0,AE67-AF67) -> 2 | AH67: 200 | AI67: =MAX(0,AG67*AH67) -> 400 | AJ67: =MAX(0,AC67-AB67) -> 2 | AK67: 2 | AL67: =MAX(0,AJ67-AK67) -> 0 | AM67: 200 | AN67: =MAX(0,AL67*AM67) -> 0 | AO67: 0 | AP67: =AO67+AN67+AI67 -> 400
A68: =ROW()-3 -> 65 | B68: 1A | C68: T221EES | D68: T362EGE | E68: KHAMIS ATHMAN KASUBI | F68: LIKASI /SICODEX | G68: OFFLOADED | H68: 29 | I68: 36250 | J68: 36352 | K68: HDAN | L68: 45890 | M68: ESL | N68: BC Raeda | O68: 45881 | P68: 45907 | Q68: 45892 | R68: 45941 | S68: 45942 | T68: 45945 | U68: 45947 | V68: 45951 | W68: 45951 | X68: 45951 | Y68: 45959 | Z68: 45960 | AA68: 45960 | AB68: 45960 | AC68: 45962 | AD68: COMPLETED | AE68: =MAX(0,Y68-X68) -> 8 | AF68: 7 | AG68: =MAX(0,AE68-AF68) -> 1 | AH68: 200 | AI68: =MAX(0,AG68*AH68) -> 200 | AJ68: =MAX(0,AC68-AB68) -> 2 | AK68: 2 | AL68: =MAX(0,AJ68-AK68) -> 0 | AM68: 200 | AN68: =MAX(0,AL68*AM68) -> 0 | AO68: 25 | AP68: =AO68+AN68+AI68 -> 225
A69: =ROW()-3 -> 66 | B69: 1A | C69: T651BZY | D69: T654AVR-T512EFH | E69: OMARY JUMA MSUMARI | F69: LIKASI /SICODEX | G69: OFFLOADED | H69: 28 | I69: 35000 | J69: 35098 | K69: HDAN | L69: 45890 | M69: ESL | N69: BC Raeda | O69: 45881 | P69: 45907 | Q69: 45892 | R69: 45941 | S69: 45943 | T69: 45945 | U69: 45949 | V69: 45952 | W69: 45952 | X69: 45952 | Y69: 45959 | Z69: 45960 | AA69: 45960 | AB69: 45960 | AC69: 45962 | AD69: COMPLETED | AE69: =MAX(0,Y69-X69) -> 7 | AF69: 7 | AG69: =MAX(0,AE69-AF69) -> 0 | AH69: 200 | AI69: =MAX(0,AG69*AH69) -> 0 | AJ69: =MAX(0,AC69-AB69) -> 2 | AK69: 2 | AL69: =MAX(0,AJ69-AK69) -> 0 | AM69: 200 | AN69: =MAX(0,AL69*AM69) -> 0 | AP69: =AO69+AN69+AI69 -> 0
A70: =ROW()-3 -> 67 | B70: 1A | C70: T168EES | D70: T373CRT-T265EMP | E70: KASHINJE BUKUMBI JEREMIAN | F70: LIKASI /SICODEX | G70: OFFLOADED | H70: 28 | I70: 35000 | J70: 35098 | K70: HDAN | L70: 45890 | M70: ESL | N70: BC Raeda | O70: 45881 | P70: 45907 | Q70: 45892 | R70: 45941 | S70: 45943 | T70: 45945 | U70: 45952 | V70: 45955 | W70: 45955 | X70: 45955 | Y70: 45959 | Z70: 45960 | AA70: 45960 | AB70: 45960 | AC70: 45962 | AD70: COMPLETED | AE70: =MAX(0,Y70-X70) -> 4 | AF70: 7 | AG70: =MAX(0,AE70-AF70) -> 0 | AH70: 200 | AI70: =MAX(0,AG70*AH70) -> 0 | AJ70: =MAX(0,AC70-AB70) -> 2 | AK70: 2 | AL70: =MAX(0,AJ70-AK70) -> 0 | AM70: 200 | AN70: =MAX(0,AL70*AM70) -> 0 | AO70: 50 | AP70: =AO70+AN70+AI70 -> 50
A71: =ROW()-3 -> 68 | B71: 1A | C71: T561EHZ | D71: T692EHV-T247EMP | E71: NYASAHIRA WARYOBA DAMAS | F71: LIKASI /SICODEX | G71: OFFLOADED | H71: 29 | I71: 35000 | J71: 35098 | K71: HDAN | L71: 45890 | M71: ESL | N71: BC Raeda | O71: 45881 | P71: 45907 | Q71: 45892 | R71: 45940 | S71: 45941 | T71: 45943 | U71: 45949 | V71: 45951 | W71: 45951 | X71: 45951 | Y71: 45959 | Z71: 45960 | AA71: 45960 | AB71: 45960 | AC71: 45962 | AD71: COMPLETED | AE71: =MAX(0,Y71-X71) -> 8 | AF71: 7 | AG71: =MAX(0,AE71-AF71) -> 1 | AH71: 200 | AI71: =MAX(0,AG71*AH71) -> 200 | AJ71: =MAX(0,AC71-AB71) -> 2 | AK71: 2 | AL71: =MAX(0,AJ71-AK71) -> 0 | AM71: 200 | AN71: =MAX(0,AL71*AM71) -> 0 | AO71: 0 | AP71: =AO71+AN71+AI71 -> 200
A72: =ROW()-3 -> 69 | B72: 1A | C72: T339DWZ | D72: T192DXQ-T193DXQ | E72: OMARY HASHIM MBUNDA | F72: LIKASI /SICODEX | G72: OFFLOADED | H72: 29 | I72: 36250 | J72: 36352 | K72: HDAN | L72: 45890 | M72: ESL | N72: BC Raeda | O72: 45881 | P72: 45907 | Q72: 45892 | R72: 45940 | S72: 45941 | T72: 45946 | U72: 45950 | V72: 45953 | W72: 45953 | X72: 45953 | Y72: 45959 | Z72: 45960 | AA72: 45960 | AB72: 45960 | AC72: 45961 | AD72: COMPLETED | AE72: =MAX(0,Y72-X72) -> 6 | AF72: 7 | AG72: =MAX(0,AE72-AF72) -> 0 | AH72: 200 | AI72: =MAX(0,AG72*AH72) -> 0 | AJ72: =MAX(0,AC72-AB72) -> 1 | AK72: 2 | AL72: =MAX(0,AJ72-AK72) -> 0 | AM72: 200 | AN72: =MAX(0,AL72*AM72) -> 0 | AO72: 150 | AP72: =AO72+AN72+AI72 -> 150
A73: =ROW()-3 -> 70 | B73: 1A | C73: T661BZY | D73: T464CRA-T696EFH | E73: MASOUD SHAMTE LUNGUSA | F73: LIKASI /SICODEX | G73: OFFLOADED | H73: 28 | I73: 35000 | J73: 35098 | K73: HDAN | L73: 45890 | M73: ESL | N73: BC Raeda | O73: 45881 | P73: 45907 | Q73: 45892 | R73: 45940 | S73: 45941 | T73: 45946 | U73: 45949 | V73: 45951 | W73: 45951 | X73: 45951 | Y73: 45959 | Z73: 45959 | AA73: 45960 | AB73: 45960 | AC73: 45961 | AD73: COMPLETED | AE73: =MAX(0,Y73-X73) -> 8 | AF73: 7 | AG73: =MAX(0,AE73-AF73) -> 1 | AH73: 200 | AI73: =MAX(0,AG73*AH73) -> 200 | AJ73: =MAX(0,AC73-AB73) -> 1 | AK73: 2 | AL73: =MAX(0,AJ73-AK73) -> 0 | AM73: 200 | AN73: =MAX(0,AL73*AM73) -> 0 | AO73: 25 | AP73: =AO73+AN73+AI73 -> 225
A74: =ROW()-3 -> 71 | B74: 1A | C74: T294DRM | D74: T320BXG | E74: NICODEMUS JORDAN MATWEGULA | F74: LIKASI /SICODEX | G74: OFFLOADED | H74: 29 | I74: 36250 | J74: 36352 | K74: HDAN | L74: 45890 | M74: ESL | N74: BC Raeda | O74: 45881 | P74: 45907 | Q74: 45892 | R74: 45940 | S74: 45941 | T74: 45943 | U74: 45945 | V74: 45948 | W74: 45948 | X74: 45948 | Y74: 45959 | Z74: 45960 | AA74: 45960 | AB74: 45960 | AC74: 45961 | AD74: COMPLETED | AE74: =MAX(0,Y74-X74) -> 11 | AF74: 7 | AG74: =MAX(0,AE74-AF74) -> 4 | AH74: 200 | AI74: =MAX(0,AG74*AH74) -> 800 | AJ74: =MAX(0,AC74-AB74) -> 1 | AK74: 2 | AL74: =MAX(0,AJ74-AK74) -> 0 | AM74: 200 | AN74: =MAX(0,AL74*AM74) -> 0 | AO74: 150 | AP74: =AO74+AN74+AI74 -> 950
A75: =ROW()-3 -> 72 | B75: 1A | C75: T292DRM | D75: T978BXK | E75: IDDI TITUSI MKENGE | F75: LIKASI /SICODEX | G75: OFFLOADED | H75: 30 | I75: 37500 | J75: 37605 | K75: HDAN | L75: 45890 | M75: ESL | N75: BC Raeda | O75: 45881 | P75: 45907 | Q75: 45892 | R75: 45940 | S75: 45941 | T75: 45945 | U75: 45948 | V75: 45950 | W75: 45950 | X75: 45950 | Y75: 45959 | Z75: 45959 | AA75: 45960 | AB75: 45960 | AC75: 45961 | AD75: COMPLETED | AE75: =MAX(0,Y75-X75) -> 9 | AF75: 7 | AG75: =MAX(0,AE75-AF75) -> 2 | AH75: 200 | AI75: =MAX(0,AG75*AH75) -> 400 | AJ75: =MAX(0,AC75-AB75) -> 1 | AK75: 2 | AL75: =MAX(0,AJ75-AK75) -> 0 | AM75: 200 | AN75: =MAX(0,AL75*AM75) -> 0 | AO75: 50 | AP75: =AO75+AN75+AI75 -> 450
A76: =ROW()-3 -> 73 | B76: 1A | AE76: =MAX(0,Y76-X76) -> 0 | AF76: 7 | AG76: =MAX(0,AE76-AF76) -> 0 | AH76: 200 | AI76: =MAX(0,AG76*AH76) -> 0 | AJ76: =MAX(0,AC76-AB76) -> 0 | AK76: 2 | AL76: =MAX(0,AJ76-AK76) -> 0 | AM76: 200 | AN76: =MAX(0,AL76*AM76) -> 0 | AP76: =AO76+AN76+AI76 -> 0
A77: =ROW()-3 -> 74 | B77: 1A | AE77: =MAX(0,Y77-X77) -> 0 | AF77: 7 | AG77: =MAX(0,AE77-AF77) -> 0 | AH77: 200 | AI77: =MAX(0,AG77*AH77) -> 0 | AJ77: =MAX(0,AC77-AB77) -> 0 | AK77: 2 | AL77: =MAX(0,AJ77-AK77) -> 0 | AM77: 200 | AN77: =MAX(0,AL77*AM77) -> 0 | AP77: =AO77+AN77+AI77 -> 0
A78: =ROW()-3 -> 75 | B78: 1A | AE78: =MAX(0,Y78-X78) -> 0 | AF78: 7 | AG78: =MAX(0,AE78-AF78) -> 0 | AH78: 200 | AI78: =MAX(0,AG78*AH78) -> 0 | AJ78: =MAX(0,AC78-AB78) -> 0 | AK78: 2 | AL78: =MAX(0,AJ78-AK78) -> 0 | AM78: 200 | AN78: =MAX(0,AL78*AM78) -> 0 | AP78: =AO78+AN78+AI78 -> 0
A79: =ROW()-3 -> 76 | B79: 1A | AE79: =MAX(0,Y79-X79) -> 0 | AF79: 7 | AG79: =MAX(0,AE79-AF79) -> 0 | AH79: 200 | AI79: =MAX(0,AG79*AH79) -> 0 | AJ79: =MAX(0,AC79-AB79) -> 0 | AK79: 2 | AL79: =MAX(0,AJ79-AK79) -> 0 | AM79: 200 | AN79: =MAX(0,AL79*AM79) -> 0 | AP79: =AO79+AN79+AI79 -> 0
A80: =ROW()-3 -> 77 | B80: 1A | AE80: =MAX(0,Y80-X80) -> 0 | AF80: 7 | AG80: =MAX(0,AE80-AF80) -> 0 | AH80: 200 | AI80: =MAX(0,AG80*AH80) -> 0 | AJ80: =MAX(0,AC80-AB80) -> 0 | AK80: 2 | AL80: =MAX(0,AJ80-AK80) -> 0 | AM80: 200 | AN80: =MAX(0,AL80*AM80) -> 0 | AP80: =AO80+AN80+AI80 -> 0
A81: =ROW()-3 -> 78 | B81: 1A | AE81: =MAX(0,Y81-X81) -> 0 | AF81: 7 | AG81: =MAX(0,AE81-AF81) -> 0 | AH81: 200 | AI81: =MAX(0,AG81*AH81) -> 0 | AJ81: =MAX(0,AC81-AB81) -> 0 | AK81: 2 | AL81: =MAX(0,AJ81-AK81) -> 0 | AM81: 200 | AN81: =MAX(0,AL81*AM81) -> 0 | AP81: =AO81+AN81+AI81 -> 0
A82: =ROW()-3 -> 79 | B82: 1A | AE82: =MAX(0,Y82-X82) -> 0 | AF82: 7 | AG82: =MAX(0,AE82-AF82) -> 0 | AH82: 200 | AI82: =MAX(0,AG82*AH82) -> 0 | AJ82: =MAX(0,AC82-AB82) -> 0 | AK82: 2 | AL82: =MAX(0,AJ82-AK82) -> 0 | AM82: 200 | AN82: =MAX(0,AL82*AM82) -> 0 | AP82: =AO82+AN82+AI82 -> 0
A83: =ROW()-3 -> 80 | B83: 1A | AE83: =MAX(0,Y83-X83) -> 0 | AF83: 7 | AG83: =MAX(0,AE83-AF83) -> 0 | AH83: 200 | AI83: =MAX(0,AG83*AH83) -> 0 | AJ83: =MAX(0,AC83-AB83) -> 0 | AK83: 2 | AL83: =MAX(0,AJ83-AK83) -> 0 | AM83: 200 | AN83: =MAX(0,AL83*AM83) -> 0 | AP83: =AO83+AN83+AI83 -> 0
A84: =ROW()-3 -> 81 | B84: 1A | AE84: =MAX(0,Y84-X84) -> 0 | AF84: 7 | AG84: =MAX(0,AE84-AF84) -> 0 | AH84: 200 | AI84: =MAX(0,AG84*AH84) -> 0 | AJ84: =MAX(0,AC84-AB84) -> 0 | AK84: 2 | AL84: =MAX(0,AJ84-AK84) -> 0 | AM84: 200 | AN84: =MAX(0,AL84*AM84) -> 0 | AP84: =AO84+AN84+AI84 -> 0
A85: =ROW()-3 -> 82 | B85: 1A | AE85: =MAX(0,Y85-X85) -> 0 | AF85: 7 | AG85: =MAX(0,AE85-AF85) -> 0 | AH85: 200 | AI85: =MAX(0,AG85*AH85) -> 0 | AJ85: =MAX(0,AC85-AB85) -> 0 | AK85: 2 | AL85: =MAX(0,AJ85-AK85) -> 0 | AM85: 200 | AN85: =MAX(0,AL85*AM85) -> 0 | AP85: =AO85+AN85+AI85 -> 0
A86: =ROW()-3 -> 83 | B86: 1A | AE86: =MAX(0,Y86-X86) -> 0 | AF86: 7 | AG86: =MAX(0,AE86-AF86) -> 0 | AH86: 200 | AI86: =MAX(0,AG86*AH86) -> 0 | AJ86: =MAX(0,AC86-AB86) -> 0 | AK86: 2 | AL86: =MAX(0,AJ86-AK86) -> 0 | AM86: 200 | AN86: =MAX(0,AL86*AM86) -> 0 | AP86: =AO86+AN86+AI86 -> 0

Sheet BL-1B-PUMPI
A1: DAILY TRACKING REPORT - FORWARDING | E1: =TODAY() -> 46045 | F1: BC RAEDA | G1: H-DAN | H1: 3992 | I1: 4990 | J1: 5003.991 | M1: GT OCEAN TRANSPORTATION LIMITED | T1: GT OCEAN TRANSPORTATION LIMITED | AB1: GT OCEAN TRANSPORTATION LIMITED | AN1: Total Amount
A2: 序号 | B2: 提单号 | C2: 卡车牌号 | D2: 拖车牌号 | E2: 司机姓名 | F2: 目的地 | G2: 当前位置 | H2: 吨袋/bags | I2: 净重/N.W. | J2: 毛重/G.W. | L2: 文件接收 | M2: 船司 | N2: 船名 | O2: 预计抵港 | P2: 实际靠泊 | Q2: 船司放行 | R2: 装运时间 | S2: 起运时间 | T2: 到达TUNDUMA | U2: NAKONDE出发 | V2: 到达卡松ZAMBIA | W2: 卡松ZAMBIA出发 | X2: 到达卡松DRC | Y2: 卡松出发DRC | AB2: 到达目的地 | AC2: 卸货时间 | AD2: 备注 | AE2: Border Delays | AI2: =SUM(AI14:AI59) -> 4200 | AJ2: Offloading Delays | AN2: =SUM(AN14:AN59) -> 0 | AO2: =SUM(AO14:AO59) -> 2950 | AP2: =SUM(AI2:AO2) -> 7150
A3: No. | B3: B/L | C3: TRUCK NUMBER | D3: TRAILER NUMBER | E3: DRIVER NAME | F3: FINAL DESTINATION | G3: TRUCK POSITION | H3: =SUM(H4:H58) -> 1500 | I3: =SUM(I4:I58)/1000 -> 1875 | J3: =SUM(J4:J58)/1000 -> 1879.778 | K3: HDAN | L3: DOCUMENTS RECEIVED | M3: SHIPPING LINE | N3: VESSEL | O3: ETA | P3: ATB | Q3: LINE RELEASE | R3: DATE LOADED | S3: DISPATCH DATE | T3: ARRIVED TUNDUMA BORDER | U3: DEPARTED NAKONDE | V3: K-LESA ZAMBIA ARRIVED | W3: K-LESA ZAMBIA DEPARTED | X3: K-LESA DRC ARRIVED | Y3: K-LESA DRC DEPARTED | Z3: L-MBASHI ARRIVED | AA3: DEPARTED L-MBASHI | AB3: ARRIVED DESTINATION | AC3: OFFLOADED | AD3: COMMENTS | AE3: Border Days | AF3: Free days | AG3: Chargable Days | AH3: Chargable Rate | AI3: Border Delays Amt | AJ3: Offloading Days | AK3: Free days | AL3: Chargable Days | AM3: Chargable Rate | AN3: Offloading Delays Amt | AO3: Parking Charges Amount | AP3: TOTAL
A4: =ROW()-3 -> 1 | B4: 1B | C4: T922EDD | D4: T501EDC-T719EPL | E4: OMARY HAMISI SALUM | F4: PUMPI | G4: MBEYA TZ | H4: 28 | I4: 35000 | J4: 35098 | K4: AN-HDAN | L4: 45890 | M4: ESL | N4: BC Raeda | O4: 45881 | P4: 45907 | Q4: 45892 | R4: 46040 | S4: 46041 | AD4: In Transit | AE4: =MAX(0,Y4-X4) -> 0 | AF4: 7 | AG4: =MAX(0,AE4-AF4) -> 0 | AH4: 200 | AI4: =MAX(0,AG4*AH4) -> 0 | AJ4: =MAX(0,AC4-AB4) -> 0 | AK4: 2 | AL4: =MAX(0,AJ4-AK4) -> 0 | AM4: 200 | AN4: =MAX(0,AL4*AM4) -> 0 | AP4: =AO4+AN4+AI4 -> 0
A5: =ROW()-3 -> 2 | B5: 1B | C5: T497DMH | D5: T541BWU-T275ELA | E5: ABDULRAZAK ATHUMAN HABIBU | F5: PUMPI | G5: MBEYA TZ | H5: 28 | I5: 35000 | J5: 35098 | K5: AN-HDAN | L5: 45890 | M5: ESL | N5: BC Raeda | O5: 45881 | P5: 45907 | Q5: 45892 | R5: 46040 | S5: 46041 | AD5: In Transit | AE5: =MAX(0,Y5-X5) -> 0 | AF5: 7 | AG5: =MAX(0,AE5-AF5) -> 0 | AH5: 200 | AI5: =MAX(0,AG5*AH5) -> 0 | AJ5: =MAX(0,AC5-AB5) -> 0 | AK5: 2 | AL5: =MAX(0,AJ5-AK5) -> 0 | AM5: 200 | AN5: =MAX(0,AL5*AM5) -> 0 | AP5: =AO5+AN5+AI5 -> 0
A6: =ROW()-3 -> 3 | B6: 1B | C6: T868CJS | D6: T955ASG-T395DSM | E6: RAMADHANI MOHAMED LIBONGE | F6: PUMPI | G6: MBEYA TZ | H6: 28 | I6: 35000 | J6: 35098 | K6: AN-HDAN | L6: 45890 | M6: ESL | N6: BC Raeda | O6: 45881 | P6: 45907 | Q6: 45892 | R6: 46040 | S6: 46041 | AD6: In Transit | AE6: =MAX(0,Y6-X6) -> 0 | AF6: 7 | AG6: =MAX(0,AE6-AF6) -> 0 | AH6: 200 | AI6: =MAX(0,AG6*AH6) -> 0 | AJ6: =MAX(0,AC6-AB6) -> 0 | AK6: 2 | AL6: =MAX(0,AJ6-AK6) -> 0 | AM6: 200 | AN6: =MAX(0,AL6*AM6) -> 0 | AP6: =AO6+AN6+AI6 -> 0
A7: =ROW()-3 -> 4 | B7: 1B | C7: T679CJT | D7: T925CTU-T216EMM | E7: EZEKIEL SAMWEL SHILAYE | F7: PUMPI | G7: MBEYA TZ | H7: 28 | I7: 35000 | J7: 35098 | K7: AN-HDAN | L7: 45890 | M7: ESL | N7: BC Raeda | O7: 45881 | P7: 45907 | Q7: 45892 | R7: 46040 | S7: 46041 | AD7: In Transit | AE7: =MAX(0,Y7-X7) -> 0 | AF7: 7 | AG7: =MAX(0,AE7-AF7) -> 0 | AH7: 200 | AI7: =MAX(0,AG7*AH7) -> 0 | AJ7: =MAX(0,AC7-AB7) -> 0 | AK7: 2 | AL7: =MAX(0,AJ7-AK7) -> 0 | AM7: 200 | AN7: =MAX(0,AL7*AM7) -> 0 | AP7: =AO7+AN7+AI7 -> 0
A8: =ROW()-3 -> 5 | B8: 1B | C8: T944DEY | D8: T383DGN | E8: FRANK PAULO CHIWANGO | F8: PUMPI | G8: MBEYA TZ | H8: 29 | I8: 36250 | J8: 36352 | K8: AN-HDAN | L8: 45890 | M8: ESL | N8: BC Raeda | O8: 45881 | P8: 45907 | Q8: 45892 | R8: 46040 | S8: 46041 | AD8: In Transit | AE8: =MAX(0,Y8-X8) -> 0 | AF8: 7 | AG8: =MAX(0,AE8-AF8) -> 0 | AH8: 200 | AI8: =MAX(0,AG8*AH8) -> 0 | AJ8: =MAX(0,AC8-AB8) -> 0 | AK8: 2 | AL8: =MAX(0,AJ8-AK8) -> 0 | AM8: 200 | AN8: =MAX(0,AL8*AM8) -> 0 | AP8: =AO8+AN8+AI8 -> 0
A9: =ROW()-3 -> 6 | B9: 1B | C9: T797CCY | D9: T169AHE-T693EFH | E9: HAMIS SHAIBU NGAYELA | F9: PUMPI | G9: MBEYA TZ | H9: 28 | I9: 35000 | J9: 35098 | K9: AN-HDAN | L9: 45890 | M9: ESL | N9: BC Raeda | O9: 45881 | P9: 45907 | Q9: 45892 | R9: 46040 | S9: 46041 | AD9: In Transit | AE9: =MAX(0,Y9-X9) -> 0 | AF9: 7 | AG9: =MAX(0,AE9-AF9) -> 0 | AH9: 200 | AI9: =MAX(0,AG9*AH9) -> 0 | AJ9: =MAX(0,AC9-AB9) -> 0 | AK9: 2 | AL9: =MAX(0,AJ9-AK9) -> 0 | AM9: 200 | AN9: =MAX(0,AL9*AM9) -> 0 | AP9: =AO9+AN9+AI9 -> 0
A10: =ROW()-3 -> 7 | B10: 1B | C10: T699DRY | D10: T207DSK | E10: CHARLES LUCAS MTENGULE | F10: PUMPI | G10: IRINGA I TZ | H10: 29 | I10: 36250 | J10: 36352 | K10: AN-HDAN | L10: 45890 | M10: ESL | N10: BC Raeda | O10: 45881 | P10: 45907 | Q10: 45892 | R10: 46040 | S10: 46041 | AD10: In Transit | AE10: =MAX(0,Y10-X10) -> 0 | AF10: 7 | AG10: =MAX(0,AE10-AF10) -> 0 | AH10: 200 | AI10: =MAX(0,AG10*AH10) -> 0 | AJ10: =MAX(0,AC10-AB10) -> 0 | AK10: 2 | AL10: =MAX(0,AJ10-AK10) -> 0 | AM10: 200 | AN10: =MAX(0,AL10*AM10) -> 0 | AP10: =AO10+AN10+AI10 -> 0
A11: =ROW()-3 -> 8 | B11: 1B | C11: T648CJT | D11: T499DAA | E11: MELKION NICHOLAUS NTOGHA | F11: PUMPI | G11: MBEYA TZ | H11: 24 | I11: 30000 | J11: 30084 | K11: AN-HDAN | L11: 45890 | M11: ESL | N11: BC Raeda | O11: 45881 | P11: 45907 | Q11: 45892 | R11: 46040 | S11: 46041 | AD11: In Transit | AE11: =MAX(0,Y11-X11) -> 0 | AF11: 7 | AG11: =MAX(0,AE11-AF11) -> 0 | AH11: 200 | AI11: =MAX(0,AG11*AH11) -> 0 | AJ11: =MAX(0,AC11-AB11) -> 0 | AK11: 2 | AL11: =MAX(0,AJ11-AK11) -> 0 | AM11: 200 | AN11: =MAX(0,AL11*AM11) -> 0 | AP11: =AO11+AN11+AI11 -> 0
A12: =ROW()-3 -> 9 | B12: 1B | C12: T192EES | D12: T714CWH | E12: ANDREW GEORGE KAUNDE | F12: PUMPI | G12: MBEYA TZ | H12: 24 | I12: 30000 | J12: 30084 | K12: AN-HDAN | L12: 45890 | M12: ESL | N12: BC Raeda | O12: 45881 | P12: 45907 | Q12: 45892 | R12: 46040 | S12: 46041 | AD12: In Transit | AE12: =MAX(0,Y12-X12) -> 0 | AF12: 7 | AG12: =MAX(0,AE12-AF12) -> 0 | AH12: 200 | AI12: =MAX(0,AG12*AH12) -> 0 | AJ12: =MAX(0,AC12-AB12) -> 0 | AK12: 2 | AL12: =MAX(0,AJ12-AK12) -> 0 | AM12: 200 | AN12: =MAX(0,AL12*AM12) -> 0 | AP12: =AO12+AN12+AI12 -> 0
A13: =ROW()-3 -> 10 | B13: 1B | C13: T321CFY | D13: T693BMY | E13: MASHAKA SALUM KIYOYA | F13: PUMPI | G13: MBEYA TZ | H13: 24 | I13: 30000 | J13: 30084 | K13: AN-HDAN | L13: 45890 | M13: ESL | N13: BC Raeda | O13: 45881 | P13: 45907 | Q13: 45892 | R13: 46036 | S13: 46041 | AD13: In Transit | AE13: =MAX(0,Y13-X13) -> 0 | AF13: 7 | AG13: =MAX(0,AE13-AF13) -> 0 | AH13: 200 | AI13: =MAX(0,AG13*AH13) -> 0 | AJ13: =MAX(0,AC13-AB13) -> 0 | AK13: 2 | AL13: =MAX(0,AJ13-AK13) -> 0 | AM13: 200 | AN13: =MAX(0,AL13*AM13) -> 0 | AP13: =AO13+AN13+AI13 -> 0
A14: =ROW()-3 -> 11 | B14: 1B | C14: T825ENP | D14: T292EFX-T296EFX | E14: AHIMIDIWE JACKSON MASAKI | F14: PUMPI | G14: TUNDUMA | H14: 28 | I14: 35000 | J14: 35098 | K14: AN-HDAN | L14: 45890 | M14: ESL | N14: BC Raeda | O14: 45881 | P14: 45907 | Q14: 45892 | R14: 46038 | S14: 46039 | T14: 46042 | AD14: In Transit | AE14: =MAX(0,Y14-X14) -> 0 | AF14: 7 | AG14: =MAX(0,AE14-AF14) -> 0 | AH14: 200 | AI14: =MAX(0,AG14*AH14) -> 0 | AJ14: =MAX(0,AC14-AB14) -> 0 | AK14: 2 | AL14: =MAX(0,AJ14-AK14) -> 0 | AM14: 200 | AN14: =MAX(0,AL14*AM14) -> 0 | AP14: =AO14+AN14+AI14 -> 0
A15: =ROW()-3 -> 12 | B15: 1B | C15: T660BZH | D15: T648AVR-T380DSM | E15: WILLIAM PAULO MINJA | F15: PUMPI | G15: NAKONDE | H15: 28 | I15: 35000 | J15: 35098 | K15: AN-HDAN | L15: 45890 | M15: ESL | N15: BC Raeda | O15: 45881 | P15: 45907 | Q15: 45892 | R15: 46038 | S15: 46039 | T15: 46042 | AD15: In Transit | AE15: =MAX(0,Y15-X15) -> 0 | AF15: 7 | AG15: =MAX(0,AE15-AF15) -> 0 | AH15: 200 | AI15: =MAX(0,AG15*AH15) -> 0 | AJ15: =MAX(0,AC15-AB15) -> 0 | AK15: 2 | AL15: =MAX(0,AJ15-AK15) -> 0 | AM15: 200 | AN15: =MAX(0,AL15*AM15) -> 0 | AP15: =AO15+AN15+AI15 -> 0
A16: =ROW()-3 -> 13 | B16: 1B | C16: T830ENP | D16: T413EFX-T192EFX | E16: OMARY MOHAMED ALLY | F16: PUMPI | G16: NAKONDE | H16: 28 | I16: 35000 | J16: 35098 | K16: AN-HDAN | L16: 45890 | M16: ESL | N16: BC Raeda | O16: 45881 | P16: 45907 | Q16: 45892 | R16: 46036 | S16: 46038 | T16: 46041 | AD16: In Transit | AE16: =MAX(0,Y16-X16) -> 0 | AF16: 7 | AG16: =MAX(0,AE16-AF16) -> 0 | AH16: 200 | AI16: =MAX(0,AG16*AH16) -> 0 | AJ16: =MAX(0,AC16-AB16) -> 0 | AK16: 2 | AL16: =MAX(0,AJ16-AK16) -> 0 | AM16: 200 | AN16: =MAX(0,AL16*AM16) -> 0 | AP16: =AO16+AN16+AI16 -> 0
A17: =ROW()-3 -> 14 | B17: 1B | C17: T711DMS | D17: T239DQD-T518DQD | E17: RICHARD IPOLE MWAKATUMBULA | F17: PUMPI | G17: NAKONDE | H17: 27 | I17: 33750 | J17: 33845 | K17: AN-HDAN | L17: 45890 | M17: ESL | N17: BC Raeda | O17: 45881 | P17: 45907 | Q17: 45892 | R17: 46032 | S17: 46038 | T17: 46041 | AD17: In Transit | AE17: =MAX(0,Y17-X17) -> 0 | AF17: 7 | AG17: =MAX(0,AE17-AF17) -> 0 | AH17: 200 | AI17: =MAX(0,AG17*AH17) -> 0 | AJ17: =MAX(0,AC17-AB17) -> 0 | AK17: 2 | AL17: =MAX(0,AJ17-AK17) -> 0 | AM17: 200 | AN17: =MAX(0,AL17*AM17) -> 0 | AP17: =AO17+AN17+AI17 -> 0
A18: =ROW()-3 -> 15 | B18: 1B | C18: T383DZH | D18: T466CBM-T287EMP | E18: MOHAMED MUSSA MOHAMED | F18: PUMPI | G18: NAKONDE | H18: 28 | I18: 35000 | J18: 35098 | K18: AN-HDAN | L18: 45890 | M18: ESL | N18: BC Raeda | O18: 45881 | P18: 45907 | Q18: 45892 | R18: 46038 | S18: 46039 | T18: 46042 | AD18: In Transit | AE18: =MAX(0,Y18-X18) -> 0 | AF18: 7 | AG18: =MAX(0,AE18-AF18) -> 0 | AH18: 200 | AI18: =MAX(0,AG18*AH18) -> 0 | AJ18: =MAX(0,AC18-AB18) -> 0 | AK18: 2 | AL18: =MAX(0,AJ18-AK18) -> 0 | AM18: 200 | AN18: =MAX(0,AL18*AM18) -> 0 | AP18: =AO18+AN18+AI18 -> 0
A19: =ROW()-3 -> 16 | B19: 1B | C19: T651BZY | D19: T654AVR-T512EFH | E19: OMARY JUMA MSUMARI | F19: PUMPI | G19: ISOKA ZM | H19: 28 | I19: 35000 | J19: 35098 | K19: AN-HDAN | L19: 45890 | M19: ESL | N19: BC Raeda | O19: 45881 | P19: 45907 | Q19: 45892 | R19: 46038 | S19: 46039 | T19: 46042 | U19: 46044 | AD19: In Transit | AE19: =MAX(0,Y19-X19) -> 0 | AF19: 7 | AG19: =MAX(0,AE19-AF19) -> 0 | AH19: 200 | AI19: =MAX(0,AG19*AH19) -> 0 | AJ19: =MAX(0,AC19-AB19) -> 0 | AK19: 2 | AL19: =MAX(0,AJ19-AK19) -> 0 | AM19: 200 | AN19: =MAX(0,AL19*AM19) -> 0 | AP19: =AO19+AN19+AI19 -> 0
A20: =ROW()-3 -> 17 | B20: 1B | C20: T796DRY | D20: T205DSK | E20: HEMED SAID HEMED | F20: PUMPI | G20: CHINSALI ZM | H20: 29 | I20: 36250 | J20: 36352 | K20: AN-HDAN | L20: 45890 | M20: ESL | N20: BC Raeda | O20: 45881 | P20: 45907 | Q20: 45892 | R20: 46036 | S20: 46038 | T20: 46041 | U20: 46044 | AD20: In Transit | AE20: =MAX(0,Y20-X20) -> 0 | AF20: 7 | AG20: =MAX(0,AE20-AF20) -> 0 | AH20: 200 | AI20: =MAX(0,AG20*AH20) -> 0 | AJ20: =MAX(0,AC20-AB20) -> 0 | AK20: 2 | AL20: =MAX(0,AJ20-AK20) -> 0 | AM20: 200 | AN20: =MAX(0,AL20*AM20) -> 0 | AP20: =AO20+AN20+AI20 -> 0
A21: =ROW()-3 -> 18 | B21: 1B | C21: T330DWZ | D21: T247ARR-T318DUD | E21: MASAMA G BARNABA | F21: PUMPI | G21: KAMANGU ZM | H21: 28 | I21: 35000 | J21: 35098 | K21: AN-HDAN | L21: 45890 | M21: ESL | N21: BC Raeda | O21: 45881 | P21: 45907 | Q21: 45892 | R21: 46038 | S21: 46039 | T21: 46042 | U21: 46044 | AD21: In Transit | AE21: =MAX(0,Y21-X21) -> 0 | AF21: 7 | AG21: =MAX(0,AE21-AF21) -> 0 | AH21: 200 | AI21: =MAX(0,AG21*AH21) -> 0 | AJ21: =MAX(0,AC21-AB21) -> 0 | AK21: 2 | AL21: =MAX(0,AJ21-AK21) -> 0 | AM21: 200 | AN21: =MAX(0,AL21*AM21) -> 0 | AP21: =AO21+AN21+AI21 -> 0
A22: =ROW()-3 -> 19 | B22: 1B | C22: T223EES | D22: T186DED-T575DTR | E22: PAULO JENGO PAULO | F22: PUMPI | G22: ISOKA ZM | H22: 28 | I22: 35000 | J22: 35098 | K22: AN-HDAN | L22: 45890 | M22: ESL | N22: BC Raeda | O22: 45881 | P22: 45907 | Q22: 45892 | R22: 46036 | S22: 46038 | T22: 46041 | U22: 46044 | AD22: In Transit | AE22: =MAX(0,Y22-X22) -> 0 | AF22: 7 | AG22: =MAX(0,AE22-AF22) -> 0 | AH22: 200 | AI22: =MAX(0,AG22*AH22) -> 0 | AJ22: =MAX(0,AC22-AB22) -> 0 | AK22: 2 | AL22: =MAX(0,AJ22-AK22) -> 0 | AM22: 200 | AN22: =MAX(0,AL22*AM22) -> 0 | AP22: =AO22+AN22+AI22 -> 0
A23: =ROW()-3 -> 20 | B23: 1B | C23: T885ECV | D23: T496DCA | E23: SHABANI SAID MBONDE | F23: PUMPI | G23: KANONA ZM | H23: 29 | I23: 36250 | J23: 36352 | K23: AN-HDAN | L23: 45890 | M23: ESL | N23: BC Raeda | O23: 45881 | P23: 45907 | Q23: 45892 | R23: 46038 | S23: 46039 | T23: 46042 | U23: 46044 | AD23: In Transit | AE23: =MAX(0,Y23-X23) -> 0 | AF23: 7 | AG23: =MAX(0,AE23-AF23) -> 0 | AH23: 200 | AI23: =MAX(0,AG23*AH23) -> 0 | AJ23: =MAX(0,AC23-AB23) -> 0 | AK23: 2 | AL23: =MAX(0,AJ23-AK23) -> 0 | AM23: 200 | AN23: =MAX(0,AL23*AM23) -> 0 | AP23: =AO23+AN23+AI23 -> 0
A24: =ROW()-3 -> 21 | B24: 1B | C24: T232DNF | D24: T569CTF-T566DTR | E24: BASHIRI WAZIRI MFINANGA | F24: PUMPI | G24: MKUSHI ZM | H24: 28 | I24: 35000 | J24: 35098 | K24: AN-HDAN | L24: 45890 | M24: ESL | N24: BC Raeda | O24: 45881 | P24: 45907 | Q24: 45892 | R24: 46038 | S24: 46039 | T24: 46042 | U24: 46044 | AD24: In Transit | AE24: =MAX(0,Y24-X24) -> 0 | AF24: 7 | AG24: =MAX(0,AE24-AF24) -> 0 | AH24: 200 | AI24: =MAX(0,AG24*AH24) -> 0 | AJ24: =MAX(0,AC24-AB24) -> 0 | AK24: 2 | AL24: =MAX(0,AJ24-AK24) -> 0 | AM24: 200 | AN24: =MAX(0,AL24*AM24) -> 0 | AP24: =AO24+AN24+AI24 -> 0
A25: =ROW()-3 -> 22 | B25: 1B | C25: T331DWZ | D25: T203DEG-T987DWJ | E25: KENETH AMON LULENGA | F25: PUMPI | G25: KANONA ZM | H25: 28 | I25: 35000 | J25: 35098 | K25: AN-HDAN | L25: 45890 | M25: ESL | N25: BC Raeda | O25: 45881 | P25: 45907 | Q25: 45892 | R25: 46036 | S25: 46039 | T25: 46042 | U25: 46044 | AD25: In Transit | AE25: =MAX(0,Y25-X25) -> 0 | AF25: 7 | AG25: =MAX(0,AE25-AF25) -> 0 | AH25: 200 | AI25: =MAX(0,AG25*AH25) -> 0 | AJ25: =MAX(0,AC25-AB25) -> 0 | AK25: 2 | AL25: =MAX(0,AJ25-AK25) -> 0 | AM25: 200 | AN25: =MAX(0,AL25*AM25) -> 0 | AP25: =AO25+AN25+AI25 -> 0
A26: =ROW()-3 -> 23 | B26: 1B | C26: T873CQL | D26: T178DED-T578DTR | E26: CHILE JACKOBU MAHENGE | F26: PUMPI | G26: CHILONGA ZM | H26: 28 | I26: 35000 | J26: 35098 | K26: AN-HDAN | L26: 45890 | M26: ESL | N26: BC Raeda | O26: 45881 | P26: 45907 | Q26: 45892 | R26: 46036 | S26: 46039 | T26: 46042 | U26: 46044 | AD26: In Transit | AE26: =MAX(0,Y26-X26) -> 0 | AF26: 7 | AG26: =MAX(0,AE26-AF26) -> 0 | AH26: 200 | AI26: =MAX(0,AG26*AH26) -> 0 | AJ26: =MAX(0,AC26-AB26) -> 0 | AK26: 2 | AL26: =MAX(0,AJ26-AK26) -> 0 | AM26: 200 | AN26: =MAX(0,AL26*AM26) -> 0 | AP26: =AO26+AN26+AI26 -> 0
A27: =ROW()-3 -> 24 | B27: 1B | C27: T318CFY | D27: T200BED-T670EFH | E27: AHMED MOHAMED CHALACHALA | F27: PUMPI | G27: CHILONGA ZM | H27: 28 | I27: 35000 | J27: 35098 | K27: AN-HDAN | L27: 45890 | M27: ESL | N27: BC Raeda | O27: 45881 | P27: 45907 | Q27: 45892 | R27: 46031 | S27: 46038 | T27: 46041 | U27: 46044 | AD27: In Transit | AE27: =MAX(0,Y27-X27) -> 0 | AF27: 7 | AG27: =MAX(0,AE27-AF27) -> 0 | AH27: 200 | AI27: =MAX(0,AG27*AH27) -> 0 | AJ27: =MAX(0,AC27-AB27) -> 0 | AK27: 2 | AL27: =MAX(0,AJ27-AK27) -> 0 | AM27: 200 | AN27: =MAX(0,AL27*AM27) -> 0 | AP27: =AO27+AN27+AI27 -> 0
A28: =ROW()-3 -> 25 | B28: 1B | C28: T998DNE | D28: T724AHL-T372DSM | E28: MIRAJI JABIRY KAMONGO | F28: PUMPI | G28: NALUBI ZM | H28: 28 | I28: 35000 | J28: 35098 | K28: AN-HDAN | L28: 45890 | M28: ESL | N28: BC Raeda | O28: 45881 | P28: 45907 | Q28: 45892 | R28: 46031 | S28: 46038 | T28: 46041 | U28: 46044 | AD28: In Transit | AE28: =MAX(0,Y28-X28) -> 0 | AF28: 7 | AG28: =MAX(0,AE28-AF28) -> 0 | AH28: 200 | AI28: =MAX(0,AG28*AH28) -> 0 | AJ28: =MAX(0,AC28-AB28) -> 0 | AK28: 2 | AL28: =MAX(0,AJ28-AK28) -> 0 | AM28: 200 | AN28: =MAX(0,AL28*AM28) -> 0 | AP28: =AO28+AN28+AI28 -> 0
A29: =ROW()-3 -> 26 | B29: 1B | C29: T149EES | D29: T105EHW-T195EMP | E29: SHABANI JUMA KAPELA | F29: PUMPI | G29: CHILONGA ZM | H29: 28 | I29: 35000 | J29: 35098 | K29: AN-HDAN | L29: 45890 | M29: ESL | N29: BC Raeda | O29: 45881 | P29: 45907 | Q29: 45892 | R29: 46036 | S29: 46038 | T29: 46041 | U29: 46044 | AD29: In Transit | AE29: =MAX(0,Y29-X29) -> 0 | AF29: 7 | AG29: =MAX(0,AE29-AF29) -> 0 | AH29: 200 | AI29: =MAX(0,AG29*AH29) -> 0 | AJ29: =MAX(0,AC29-AB29) -> 0 | AK29: 2 | AL29: =MAX(0,AJ29-AK29) -> 0 | AM29: 200 | AN29: =MAX(0,AL29*AM29) -> 0 | AP29: =AO29+AN29+AI29 -> 0
A30: =ROW()-3 -> 27 | B30: 1B | C30: T879CQL | D30: T375CRT-T426EFH | E30: JOHN PAULO MZALIFU | F30: PUMPI | G30: MKUSHI ZM | H30: 28 | I30: 35000 | J30: 35098 | K30: AN-HDAN | L30: 45890 | M30: ESL | N30: BC Raeda | O30: 45881 | P30: 45907 | Q30: 45892 | R30: 46036 | S30: 46038 | T30: 46041 | U30: 46044 | AD30: In Transit | AE30: =MAX(0,Y30-X30) -> 0 | AF30: 7 | AG30: =MAX(0,AE30-AF30) -> 0 | AH30: 200 | AI30: =MAX(0,AG30*AH30) -> 0 | AJ30: =MAX(0,AC30-AB30) -> 0 | AK30: 2 | AL30: =MAX(0,AJ30-AK30) -> 0 | AM30: 200 | AN30: =MAX(0,AL30*AM30) -> 0 | AP30: =AO30+AN30+AI30 -> 0
... A32: =ROW()-3 -> 29 | B32: 1B | C32: T580DMJ | D32: T735BAK-T935DWJ | E32: SEKO PAULO LUPEMBA | F32: PUMPI | G32: NDOLA ZM | H32: 28 | I32: 35000 | J32: 35070 | K32: AN-HDAN | L32: 45890 | M32: ESL | N32: BC Raeda | O32: 45881 | P32: 45907 | Q32: 45892 | R32: 46011 | S32: 46014 | T32: 46017 | U32: 46024 | AD32: B/D | AE32: =MAX(0,Y32-X32) -> 0 | AF32: 7 | AG32: =MAX(0,AE32-AF32) -> 0 | AH32: 200 | AI32: =MAX(0,AG32*AH32) -> 0 | AJ32: =MAX(0,AC32-AB32) -> 0 | AK32: 2 | AL32: =MAX(0,AJ32-AK32) -> 0 | AM32: 200 | AN32: =MAX(0,AL32*AM32) -> 0 | AP32: =AO32+AN32+AI32 -> 0
A33: =ROW()-3 -> 30 | B33: 1B | C33: T462DZH | D33: T200CVF-T212EMM | E33: JUMA BAKARI ALLY | F33: PUMPI | G33: K-LESA ZM | H33: 28 | I33: 35000 | J33: 35070 | K33: AN-HDAN | L33: 45890 | M33: ESL | N33: BC Raeda | O33: 45881 | P33: 45907 | Q33: 45892 | R33: 46011 | S33: 46020 | T33: 46024 | U33: 46034 | V33: 46038 | AD33: DOC | AE33: =MAX(0,Y33-X33) -> 0 | AF33: 7 | AG33: =MAX(0,AE33-AF33) -> 0 | AH33: 200 | AI33: =MAX(0,AG33*AH33) -> 0 | AJ33: =MAX(0,AC33-AB33) -> 0 | AK33: 2 | AL33: =MAX(0,AJ33-AK33) -> 0 | AM33: 200 | AN33: =MAX(0,AL33*AM33) -> 0 | AP33: =AO33+AN33+AI33 -> 0
A34: =ROW()-3 -> 31 | B34: 1B | C34: T350DWZ | D34: T645CKC-T581DTR | E34: MAKWAYA ATHUMANI MLUNDI | F34: PUMPI | G34: K-LESA ZM | H34: 28 | I34: 35000 | J34: 35070 | K34: AN-HDAN | L34: 45890 | M34: ESL | N34: BC Raeda | O34: 45881 | P34: 45907 | Q34: 45892 | R34: 46010 | S34: 46020 | T34: 46024 | U34: 46034 | V34: 46038 | AD34: DOC | AE34: =MAX(0,Y34-X34) -> 0 | AF34: 7 | AG34: =MAX(0,AE34-AF34) -> 0 | AH34: 200 | AI34: =MAX(0,AG34*AH34) -> 0 | AJ34: =MAX(0,AC34-AB34) -> 0 | AK34: 2 | AL34: =MAX(0,AJ34-AK34) -> 0 | AM34: 200 | AN34: =MAX(0,AL34*AM34) -> 0 | AP34: =AO34+AN34+AI34 -> 0
A35: =ROW()-3 -> 32 | B35: 1B | C35: T167EES | D35: T118DXM-T119DXM | E35: SHABANI RAMADHANI IDDI | F35: PUMPI | G35: K-LESA ZM | H35: 28 | I35: 35000 | J35: 35070 | K35: AN-HDAN | L35: 45890 | M35: ESL | N35: BC Raeda | O35: 45881 | P35: 45907 | Q35: 45892 | R35: 46002 | S35: 46004 | T35: 46008 | U35: 46034 | V35: 46038 | AD35: DOC | AE35: =MAX(0,Y35-X35) -> 0 | AF35: 7 | AG35: =MAX(0,AE35-AF35) -> 0 | AH35: 200 | AI35: =MAX(0,AG35*AH35) -> 0 | AJ35: =MAX(0,AC35-AB35) -> 0 | AK35: 2 | AL35: =MAX(0,AJ35-AK35) -> 0 | AM35: 200 | AN35: =MAX(0,AL35*AM35) -> 0 | AP35: =AO35+AN35+AI35 -> 0
A36: =ROW()-3 -> 33 | B36: 1B | C36: T463DZH | D36: T340EBB-T569EBB | E36: JOSEPH NICODEMAS HOSEA | F36: PUMPI | G36: K-LESA DRC | H36: 29 | I36: 36250 | J36: 36352 | K36: AN-HDAN | L36: 45890 | M36: ESL | N36: BC Raeda | O36: 45881 | P36: 45907 | Q36: 45892 | R36: 46020 | S36: 46020 | T36: 46024 | U36: 46028 | V36: 46033 | W36: 46036 | X36: 46036 | AD36: DOC | AE36: =MAX(0,Y36-X36) -> 0 | AF36: 7 | AG36: =MAX(0,AE36-AF36) -> 0 | AH36: 200 | AI36: =MAX(0,AG36*AH36) -> 0 | AJ36: =MAX(0,AC36-AB36) -> 0 | AK36: 2 | AL36: =MAX(0,AJ36-AK36) -> 0 | AM36: 200 | AN36: =MAX(0,AL36*AM36) -> 0 | AP36: =AO36+AN36+AI36 -> 0
A37: =ROW()-3 -> 34 | B37: 1B | C37: T663DQF | D37: T881DQF-T882DQF | E37: KALIMU MASUDI KANZEMBE | F37: PUMPI | G37: K-LESA DRC | H37: 28 | I37: 35000 | J37: 35098 | K37: AN-HDAN | L37: 45890 | M37: ESL | N37: BC Raeda | O37: 45881 | P37: 45907 | Q37: 45892 | R37: 46020 | S37: 46020 | T37: 46024 | U37: 46027 | V37: 46032 | W37: 46035 | X37: 46035 | AD37: DOC | AE37: =MAX(0,Y37-X37) -> 0 | AF37: 7 | AG37: =MAX(0,AE37-AF37) -> 0 | AH37: 200 | AI37: =MAX(0,AG37*AH37) -> 0 | AJ37: =MAX(0,AC37-AB37) -> 0 | AK37: 2 | AL37: =MAX(0,AJ37-AK37) -> 0 | AM37: 200 | AN37: =MAX(0,AL37*AM37) -> 0 | AP37: =AO37+AN37+AI37 -> 0
A38: =ROW()-3 -> 35 | B38: 1B | C38: T715DMS | D38: T249DQD-T514DQD | E38: ANTHONY ALLEN LUKINDO | F38: PUMPI | G38: K-LESA DRC | H38: 27 | I38: 33750 | J38: 33845 | K38: AN-HDAN | L38: 45890 | M38: ESL | N38: BC Raeda | O38: 45881 | P38: 45907 | Q38: 45892 | R38: 46020 | S38: 46020 | T38: 46024 | U38: 46028 | V38: 46034 | W38: 46034 | X38: 46034 | AD38: DOC | AE38: =MAX(0,Y38-X38) -> 0 | AF38: 7 | AG38: =MAX(0,AE38-AF38) -> 0 | AH38: 200 | AI38: =MAX(0,AG38*AH38) -> 0 | AJ38: =MAX(0,AC38-AB38) -> 0 | AK38: 2 | AL38: =MAX(0,AJ38-AK38) -> 0 | AM38: 200 | AN38: =MAX(0,AL38*AM38) -> 0 | AP38: =AO38+AN38+AI38 -> 0
A39: =ROW()-3 -> 36 | B39: 1B | C39: T373BVZ | D39: T650AVR-T234EMP | E39: RAJAB HUSSEIN ALLY | F39: PUMPI | G39: K-LESA DRC | H39: 28 | I39: 35000 | J39: 35098 | K39: AN-HDAN | L39: 45890 | M39: ESL | N39: BC Raeda | O39: 45881 | P39: 45907 | Q39: 45892 | R39: 46020 | S39: 46020 | T39: 46024 | U39: 46028 | V39: 46032 | W39: 46034 | X39: 46034 | AD39: DOC | AE39: =MAX(0,Y39-X39) -> 0 | AF39: 7 | AG39: =MAX(0,AE39-AF39) -> 0 | AH39: 200 | AI39: =MAX(0,AG39*AH39) -> 0 | AJ39: =MAX(0,AC39-AB39) -> 0 | AK39: 2 | AL39: =MAX(0,AJ39-AK39) -> 0 | AM39: 200 | AN39: =MAX(0,AL39*AM39) -> 0 | AP39: =AO39+AN39+AI39 -> 0
A40: =ROW()-3 -> 37 | B40: 1B | C40: T942DEY | D40: T343DGN | E40: PHILIPO ANYINGISYE MWANYINGILI | F40: PUMPI | G40: K-LESA DRC | H40: 29 | I40: 36250 | J40: 36352 | K40: AN-HDAN | L40: 45890 | M40: ESL | N40: BC Raeda | O40: 45881 | P40: 45907 | Q40: 45892 | R40: 46020 | S40: 46020 | T40: 46024 | U40: 46028 | V40: 46032 | W40: 46034 | X40: 46034 | AD40: DOC | AE40: =MAX(0,Y40-X40) -> 0 | AF40: 7 | AG40: =MAX(0,AE40-AF40) -> 0 | AH40: 200 | AI40: =MAX(0,AG40*AH40) -> 0 | AJ40: =MAX(0,AC40-AB40) -> 0 | AK40: 2 | AL40: =MAX(0,AJ40-AK40) -> 0 | AM40: 200 | AN40: =MAX(0,AL40*AM40) -> 0 | AP40: =AO40+AN40+AI40 -> 0
A41: =ROW()-3 -> 38 | B41: 1B | C41: T432BVZ | D41: T748CVC-T246EMP | E41: HAMIS RASHID MIHAYO | F41: PUMPI | G41: K-LESA DRC | H41: 28 | I41: 35000 | J41: 35098 | K41: AN-HDAN | L41: 45890 | M41: ESL | N41: BC Raeda | O41: 45881 | P41: 45907 | Q41: 45892 | R41: 46020 | S41: 46020 | T41: 46024 | U41: 46028 | V41: 46032 | W41: 46034 | X41: 46034 | AD41: DOC | AE41: =MAX(0,Y41-X41) -> 0 | AF41: 7 | AG41: =MAX(0,AE41-AF41) -> 0 | AH41: 200 | AI41: =MAX(0,AG41*AH41) -> 0 | AJ41: =MAX(0,AC41-AB41) -> 0 | AK41: 2 | AL41: =MAX(0,AJ41-AK41) -> 0 | AM41: 200 | AN41: =MAX(0,AL41*AM41) -> 0 | AP41: =AO41+AN41+AI41 -> 0
A42: =ROW()-3 -> 39 | B42: 1B | C42: T255CVP | D42: T874CTU-T617EFH | E42: ABDALAH MASUDI ABDALAH | F42: PUMPI | G42: K-LESA DRC | H42: 28 | I42: 35000 | J42: 35098 | K42: AN-HDAN | L42: 45890 | M42: ESL | N42: BC Raeda | O42: 45881 | P42: 45907 | Q42: 45892 | R42: 46020 | S42: 46020 | T42: 46024 | U42: 46028 | V42: 46032 | W42: 46034 | X42: 46034 | AD42: DOC | AE42: =MAX(0,Y42-X42) -> 0 | AF42: 7 | AG42: =MAX(0,AE42-AF42) -> 0 | AH42: 200 | AI42: =MAX(0,AG42*AH42) -> 0 | AJ42: =MAX(0,AC42-AB42) -> 0 | AK42: 2 | AL42: =MAX(0,AJ42-AK42) -> 0 | AM42: 200 | AN42: =MAX(0,AL42*AM42) -> 0 | AP42: =AO42+AN42+AI42 -> 0
A43: =ROW()-3 -> 40 | B43: 1B | C43: T657BZY | D43: T401BJE | E43: ELIAKIMU JUMA SAID | F43: PUMPI | G43: K-LESA DRC | H43: 24 | I43: 30000 | J43: 30084 | K43: AN-HDAN | L43: 45890 | M43: ESL | N43: BC Raeda | O43: 45881 | P43: 45907 | Q43: 45892 | R43: 46011 | S43: 46014 | T43: 46017 | U43: 46024 | V43: 46030 | W43: 46031 | X43: 46031 | AD43: DOC | AE43: =MAX(0,Y43-X43) -> 0 | AF43: 7 | AG43: =MAX(0,AE43-AF43) -> 0 | AH43: 200 | AI43: =MAX(0,AG43*AH43) -> 0 | AJ43: =MAX(0,AC43-AB43) -> 0 | AK43: 2 | AL43: =MAX(0,AJ43-AK43) -> 0 | AM43: 200 | AN43: =MAX(0,AL43*AM43) -> 0 | AP43: =AO43+AN43+AI43 -> 0
A44: =ROW()-3 -> 41 | B44: 1B | C44: T635BVP | D44: T777AXN-T285EMP | E44: EMMANUEL LEARNSON NJOWELA | F44: PUMPI | G44: K-LESA DRC | H44: 28 | I44: 35000 | J44: 35070 | K44: AN-HDAN | L44: 45890 | M44: ESL | N44: BC Raeda | O44: 45881 | P44: 45907 | Q44: 45892 | R44: 46011 | S44: 46014 | T44: 46017 | U44: 46025 | V44: 46029 | W44: 46030 | X44: 46030 | AD44: DOC | AE44: =MAX(0,Y44-X44) -> 0 | AF44: 7 | AG44: =MAX(0,AE44-AF44) -> 0 | AH44: 200 | AI44: =MAX(0,AG44*AH44) -> 0 | AJ44: =MAX(0,AC44-AB44) -> 0 | AK44: 2 | AL44: =MAX(0,AJ44-AK44) -> 0 | AM44: 200 | AN44: =MAX(0,AL44*AM44) -> 0 | AP44: =AO44+AN44+AI44 -> 0
A45: =ROW()-3 -> 42 | B45: 1B | C45: T218EES | D45: T349EGE | E45: ABRAHAM KATINA SHIJA | F45: PUMPI | G45: K-LESA DRC | H45: 29 | I45: 36250 | J45: 36323 | K45: AN-HDAN | L45: 45890 | M45: ESL | N45: BC Raeda | O45: 45881 | P45: 45907 | Q45: 45892 | R45: 46010 | S45: 46014 | T45: 46017 | U45: 46023 | V45: 46028 | W45: 46030 | X45: 46030 | AD45: DOC | AE45: =MAX(0,Y45-X45) -> 0 | AF45: 7 | AG45: =MAX(0,AE45-AF45) -> 0 | AH45: 200 | AI45: =MAX(0,AG45*AH45) -> 0 | AJ45: =MAX(0,AC45-AB45) -> 0 | AK45: 2 | AL45: =MAX(0,AJ45-AK45) -> 0 | AM45: 200 | AN45: =MAX(0,AL45*AM45) -> 0 | AP45: =AO45+AN45+AI45 -> 0
A46: =ROW()-3 -> 43 | B46: 1B | C46: T308BZY | D46: T405BQX-T260EMP | E46: KHAMIS MOHAMED ABDALLAH | F46: PUMPI | G46: K-LESA DRC | H46: 28 | I46: 35000 | J46: 35070 | K46: AN-HDAN | L46: 45890 | M46: ESL | N46: BC Raeda | O46: 45881 | P46: 45907 | Q46: 45892 | R46: 46011 | S46: 46014 | T46: 46017 | U46: 46023 | V46: 46028 | W46: 46030 | X46: 46030 | AD46: DOC | AE46: =MAX(0,Y46-X46) -> 0 | AF46: 7 | AG46: =MAX(0,AE46-AF46) -> 0 | AH46: 200 | AI46: =MAX(0,AG46*AH46) -> 0 | AJ46: =MAX(0,AC46-AB46) -> 0 | AK46: 2 | AL46: =MAX(0,AJ46-AK46) -> 0 | AM46: 200 | AN46: =MAX(0,AL46*AM46) -> 0 | AP46: =AO46+AN46+AI46 -> 0
A47: =ROW()-3 -> 44 | B47: 1B | C47: T201DYR | D47: T242AJP-T963DWJ | E47: MFAUME ISMAIL NASSORO | F47: PUMPI | G47: K-LESA DRC | H47: 28 | I47: 35000 | J47: 35070 | K47: AN-HDAN | L47: 45890 | M47: ESL | N47: BC Raeda | O47: 45881 | P47: 45907 | Q47: 45892 | R47: 46011 | S47: 46014 | T47: 46017 | U47: 46023 | V47: 46028 | W47: 46029 | X47: 46029 | AD47: DOC | AE47: =MAX(0,Y47-X47) -> 0 | AF47: 7 | AG47: =MAX(0,AE47-AF47) -> 0 | AH47: 200 | AI47: =MAX(0,AG47*AH47) -> 0 | AJ47: =MAX(0,AC47-AB47) -> 0 | AK47: 2 | AL47: =MAX(0,AJ47-AK47) -> 0 | AM47: 200 | AN47: =MAX(0,AL47*AM47) -> 0 | AP47: =AO47+AN47+AI47 -> 0
... A50: =ROW()-3 -> 47 | B50: 1B | C50: T872EBS | D50: T966EBC-T550EBB | E50: ABDALLAH HAMIS OMARY | F50: PUMPI | G50: K-LESA DRC | H50: 28 | I50: 35000 | J50: 35070 | K50: AN-HDAN | L50: 45890 | M50: ESL | N50: BC Raeda | O50: 45881 | P50: 45907 | Q50: 45892 | R50: 46011 | S50: 46014 | T50: 46017 | U50: 46024 | V50: 46029 | W50: 46030 | X50: 46030 | AD50: DOC | AE50: =MAX(0,Y50-X50) -> 0 | AF50: 7 | AG50: =MAX(0,AE50-AF50) -> 0 | AH50: 200 | AI50: =MAX(0,AG50*AH50) -> 0 | AJ50: =MAX(0,AC50-AB50) -> 0 | AK50: 2 | AL50: =MAX(0,AJ50-AK50) -> 0 | AM50: 200 | AN50: =MAX(0,AL50*AM50) -> 0 | AP50: =AO50+AN50+AI50 -> 0
A51: =ROW()-3 -> 48 | B51: 1B | C51: T334DWZ | D51: T517AUU-T936DWJ | E51: WAZIRI SALEHE MWADEGU | F51: PUMPI | G51: OFFLOADED | H51: 28 | I51: 35000 | J51: 35070 | K51: AN-HDAN | L51: 45890 | M51: ESL | N51: BC Raeda | O51: 45881 | P51: 45907 | Q51: 45892 | R51: 46010 | S51: 46013 | T51: 46017 | U51: 46021 | V51: 46026 | W51: 46027 | X51: 46027 | Y51: 46038 | Z51: 46038 | AA51: 46039 | AB51: 46040 | AC51: 46041 | AD51: COMPLETED | AE51: =MAX(0,Y51-X51) -> 11 | AF51: 7 | AG51: =MAX(0,AE51-AF51) -> 4 | AH51: 200 | AI51: =MAX(0,AG51*AH51) -> 800 | AJ51: =MAX(0,AC51-AB51) -> 1 | AK51: 2 | AL51: =MAX(0,AJ51-AK51) -> 0 | AM51: 200 | AN51: =MAX(0,AL51*AM51) -> 0 | AO51: 400 | AP51: =AO51+AN51+AI51 -> 1200
A52: =ROW()-3 -> 49 | B52: 1B | C52: T230CVP | D52: T194BED-T690EFH | E52: AMINI OMARY HAMIS | F52: PUMPI | G52: OFFLOADED | H52: 28 | I52: 35000 | J52: 35070 | K52: AN-HDAN | L52: 45890 | M52: ESL | N52: BC Raeda | O52: 45881 | P52: 45907 | Q52: 45892 | R52: 46011 | S52: 46013 | T52: 46017 | U52: 46018 | V52: 46021 | W52: 46025 | X52: 46025 | Y52: 46037 | Z52: 46038 | AA52: 46039 | AB52: 46040 | AC52: 46041 | AD52: COMPLETED | AE52: =MAX(0,Y52-X52) -> 12 | AF52: 7 | AG52: =MAX(0,AE52-AF52) -> 5 | AH52: 200 | AI52: =MAX(0,AG52*AH52) -> 1000 | AJ52: =MAX(0,AC52-AB52) -> 1 | AK52: 2 | AL52: =MAX(0,AJ52-AK52) -> 0 | AM52: 200 | AN52: =MAX(0,AL52*AM52) -> 0 | AO52: 550 | AP52: =AO52+AN52+AI52 -> 1550
A53: =ROW()-3 -> 50 | B53: 1B | C53: T578DMJ | D53: T177DCZ-T556DTR | E53: BASHIRU JUMA SOMBI | F53: PUMPI | G53: OFFLOADED | H53: 28 | I53: 35000 | J53: 35070 | K53: AN-HDAN | L53: 45890 | M53: ESL | N53: BC Raeda | O53: 45881 | P53: 45907 | Q53: 45892 | R53: 46011 | S53: 46013 | T53: 46017 | U53: 46019 | V53: 46022 | W53: 46024 | X53: 46024 | Y53: 46037 | Z53: 46038 | AA53: 46039 | AB53: 46040 | AC53: 46041 | AD53: COMPLETED | AE53: =MAX(0,Y53-X53) -> 13 | AF53: 7 | AG53: =MAX(0,AE53-AF53) -> 6 | AH53: 200 | AI53: =MAX(0,AG53*AH53) -> 1200 | AJ53: =MAX(0,AC53-AB53) -> 1 | AK53: 2 | AL53: =MAX(0,AJ53-AK53) -> 0 | AM53: 200 | AN53: =MAX(0,AL53*AM53) -> 0 | AO53: 625 | AP53: =AO53+AN53+AI53 -> 1825
A54: =ROW()-3 -> 51 | B54: 1B | C54: T586DMJ | D54: T287BED-T960DWJ | E54: SILAS JONAS MAGAMBO | F54: PUMPI | G54: OFFLOADED | H54: 28 | I54: 35000 | J54: 35070 | K54: AN-HDAN | L54: 45890 | M54: ESL | N54: BC Raeda | O54: 45881 | P54: 45907 | Q54: 45892 | R54: 46011 | S54: 46013 | T54: 46017 | U54: 46023 | V54: 46029 | W54: 46030 | X54: 46030 | Y54: 46037 | Z54: 46038 | AA54: 46039 | AB54: 46040 | AC54: 46041 | AD54: COMPLETED | AE54: =MAX(0,Y54-X54) -> 7 | AF54: 7 | AG54: =MAX(0,AE54-AF54) -> 0 | AH54: 200 | AI54: =MAX(0,AG54*AH54) -> 0 | AJ54: =MAX(0,AC54-AB54) -> 1 | AK54: 2 | AL54: =MAX(0,AJ54-AK54) -> 0 | AM54: 200 | AN54: =MAX(0,AL54*AM54) -> 0 | AO54: 250 | AP54: =AO54+AN54+AI54 -> 250
A55: =ROW()-3 -> 52 | B55: 1B | C55: T539BXN | D55: T971CFD-T729EFH | E55: DAUDI DAMAS MWAPENDA | F55: PUMPI | G55: OFFLOADED | H55: 28 | I55: 35000 | J55: 35070 | K55: AN-HDAN | L55: 45890 | M55: ESL | N55: BC Raeda | O55: 45881 | P55: 45907 | Q55: 45892 | R55: 46010 | S55: 46013 | T55: 46017 | U55: 46023 | V55: 46029 | W55: 46030 | X55: 46030 | Y55: 46037 | Z55: 46038 | AA55: 46039 | AB55: 46040 | AC55: 46041 | AD55: COMPLETED | AE55: =MAX(0,Y55-X55) -> 7 | AF55: 7 | AG55: =MAX(0,AE55-AF55) -> 0 | AH55: 200 | AI55: =MAX(0,AG55*AH55) -> 0 | AJ55: =MAX(0,AC55-AB55) -> 1 | AK55: 2 | AL55: =MAX(0,AJ55-AK55) -> 0 | AM55: 200 | AN55: =MAX(0,AL55*AM55) -> 0 | AO55: 250 | AP55: =AO55+AN55+AI55 -> 250
A56: =ROW()-3 -> 53 | B56: 1B | C56: T498DMH | D56: T219DQD-T504DQD | E56: SALIMU HAMISS SAID | F56: PUMPI | G56: OFFLOADED | H56: 27 | I56: 33750 | J56: 33845 | K56: AN-HDAN | L56: 45890 | M56: ESL | N56: BC Raeda | O56: 45881 | P56: 45907 | Q56: 45892 | R56: 46011 | S56: 46013 | T56: 46017 | U56: 46018 | V56: 46021 | W56: 46024 | X56: 46024 | Y56: 46037 | Z56: 46038 | AA56: 46039 | AB56: 46040 | AC56: 46041 | AD56: COMPLETED | AE56: =MAX(0,Y56-X56) -> 13 | AF56: 7 | AG56: =MAX(0,AE56-AF56) -> 6 | AH56: 200 | AI56: =MAX(0,AG56*AH56) -> 1200 | AJ56: =MAX(0,AC56-AB56) -> 1 | AK56: 2 | AL56: =MAX(0,AJ56-AK56) -> 0 | AM56: 200 | AN56: =MAX(0,AL56*AM56) -> 0 | AO56: 625 | AP56: =AO56+AN56+AI56 -> 1825
A57: =ROW()-3 -> 54 | B57: 1B | C57: T357DWZ | D57: T609DXS-T611DXS | E57: OMAR JUMA MACHIBYA | F57: PUMPI | G57: OFFLOADED | H57: 29 | I57: 36250 | J57: 36323 | K57: AN-HDAN | L57: 45890 | M57: ESL | N57: BC Raeda | O57: 45881 | P57: 45907 | Q57: 45892 | R57: 46011 | S57: 46013 | T57: 46017 | U57: 46024 | V57: 46029 | W57: 46030 | X57: 46030 | Y57: 46037 | Z57: 46038 | AA57: 46039 | AB57: 46039 | AC57: 46039 | AD57: COMPLETED | AE57: =MAX(0,Y57-X57) -> 7 | AF57: 7 | AG57: =MAX(0,AE57-AF57) -> 0 | AH57: 200 | AI57: =MAX(0,AG57*AH57) -> 0 | AJ57: =MAX(0,AC57-AB57) -> 0 | AK57: 2 | AL57: =MAX(0,AJ57-AK57) -> 0 | AM57: 200 | AN57: =MAX(0,AL57*AM57) -> 0 | AO57: 250 | AP57: =AO57+AN57+AI57 -> 250

Sheet BL-1B-Likasi 
A1: DAILY TRACKING REPORT - FORWARDING | E1: =TODAY() -> 46045 | F1: BC RAEDA | G1: H-DAN | H1: 3992 | I1: 4990 | J1: 5003.991 | M1: GT OCEAN TRANSPORTATION LIMITED | T1: GT OCEAN TRANSPORTATION LIMITED | AB1: GT OCEAN TRANSPORTATION LIMITED | AN1: Total Amount
A2: 序号 | B2: 提单号 | C2: 卡车牌号 | D2: 拖车牌号 | E2: 司机姓名 | F2: 目的地 | G2: 当前位置 | H2: 吨袋/bags | I2: 净重/N.W. | J2: 毛重/G.W. | L2: 文件接收 | M2: 船司 | N2: 船名 | O2: 预计抵港 | P2: 实际靠泊 | Q2: 船司放行 | R2: 装运时间 | S2: 起运时间 | T2: 到达TUNDUMA | U2: NAKONDE出发 | V2: 到达卡松ZAMBIA | W2: 卡松ZAMBIA出发 | X2: 到达卡松DRC | Y2: 卡松出发DRC | AB2: 到达目的地 | AC2: 卸货时间 | AD2: 备注 | AE2: Border Delays | AI2: =SUM(AI4:AI123) -> 200 | AJ2: Offloading Delays | AN2: =SUM(AN4:AN123) -> 800 | AO2: =SUM(AO4:AO123) -> 0 | AP2: =SUM(AI2:AO2) -> 1000
A3: No. | B3: B/L | C3: TRUCK NUMBER | D3: TRAILER NUMBER | E3: DRIVER NAME | F3: FINAL DESTINATION | G3: TRUCK POSITION | H3: =SUM(H4:H89) -> 1365 | I3: =SUM(I4:I89)/1000 -> 1711.323 | J3: =SUM(J4:J89)/1000 -> 1734.737 | K3: HDAN | L3: DOCUMENTS RECEIVED | M3: SHIPPING LINE | N3: VESSEL | O3: ETA | P3: ATB | Q3: LINE RELEASE | R3: DATE LOADED | S3: DISPATCH DATE | T3: ARRIVED TUNDUMA BORDER | U3: DEPARTED NAKONDE | V3: K-LESA ZAMBIA ARRIVED | W3: K-LESA ZAMBIA DEPARTED | X3: K-LESA DRC ARRIVED | Y3: K-LESA DRC DEPARTED | Z3: L-MBASHI ARRIVED | AA3: DEPARTED L-MBASHI | AB3: ARRIVED DESTINATION | AC3: OFFLOADED | AD3: COMMENTS | AE3: Border Days | AF3: Free days | AG3: Chargable Days | AH3: Chargable Rate | AI3: Border Delays Amt | AJ3: Offloading Days | AK3: Free days | AL3: Chargable Days | AM3: Chargable Rate | AN3: Offloading Delays Amt | AO3: Parking Charges Amount | AP3: TOTAL
A4: =ROW()-3 -> 1 | B4: 1B | C4: T585DMJ | D4: T709BMY-T965DWJ | E4: ALLY HUSSEIN NG'OMBO | F4: LIKASI /SICODEX | G4: CHIMOTO ZM | H4: 28 | I4: 35000 | J4: 35098 | K4: AN-HDAN | L4: 45890 | M4: ESL | N4: BC Raeda | O4: 45881 | P4: 45907 | Q4: 45892 | R4: 46022 | S4: 46387 | T4: 46036 | U4: 46040 | AD4: In Transit | AE4: =MAX(0,Y4-X4) -> 0 | AF4: 7 | AG4: =MAX(0,AE4-AF4) -> 0 | AH4: 200 | AI4: =MAX(0,AG4*AH4) -> 0 | AJ4: =MAX(0,AC4-AB4) -> 0 | AK4: 2 | AL4: =MAX(0,AJ4-AK4) -> 0 | AM4: 200 | AN4: =MAX(0,AL4*AM4) -> 0 | AP4: =AO4+AN4+AI4 -> 0
